observer,k,seed,MG,error
latent_fro,1,0,1.1560342566789816,0.15603425667898163
latent_projection,1,0,1.1851754105868475,0.1851754105868475
gradient_fro,1,0,1.1576206052075109,0.15762060520751087
gradient_projection,1,0,1.1866674296809216,0.18666742968092165
output_fro,1,0,1.1844124498695907,0.1844124498695907
loss,1,0,1.1504008776333177,0.15040087763331766
latent_fro,2,0,1.3281370267689516,-0.6718629732310484
latent_projection,2,0,1.185337974878283,-0.8146620251217169
gradient_fro,2,0,1.3319470136527687,-0.6680529863472313
gradient_projection,2,0,1.1855455986650554,-0.8144544013349446
output_fro,2,0,1.1845887273845406,-0.8154112726154594
loss,2,0,1.3314621193876244,-0.6685378806123756
latent_fro,3,0,1.3335934208474443,-1.6664065791525557
latent_projection,3,0,1.1845962923006041,-1.8154037076993959
gradient_fro,3,0,1.3187628720110958,-1.6812371279889042
gradient_projection,3,0,1.1855427212143055,-1.8144572787856945
output_fro,3,0,1.1841835393888334,-1.8158164606111666
loss,3,0,1.3182407508670397,-1.6817592491329603
latent_fro,4,0,1.3444915425463275,-2.6555084574536725
latent_projection,4,0,1.1837377125734758,-2.8162622874265244
gradient_fro,4,0,1.3405305452578258,-2.659469454742174
gradient_projection,4,0,1.1847828532797042,-2.815217146720296
output_fro,4,0,1.1875426426996654,-2.8124573573003344
loss,4,0,1.3380973149825106,-2.6619026850174894
latent_fro,5,0,1.3137378077883441,-3.6862621922116556
latent_projection,5,0,1.1839091045856942,-3.816090895414306
gradient_fro,5,0,1.2866497838215516,-3.7133502161784486
gradient_projection,5,0,1.183459625646289,-3.816540374353711
output_fro,5,0,1.182828799779845,-3.817171200220155
loss,5,0,1.2869203788211787,-3.7130796211788213
latent_fro,6,0,1.354016297460516,-4.645983702539484
latent_projection,6,0,1.2168340833179967,-4.7831659166820035
gradient_fro,6,0,1.3118560735346665,-4.688143926465333
gradient_projection,6,0,1.1860101435995272,-4.813989856400473
output_fro,6,0,1.1838201207938974,-4.816179879206103
loss,6,0,1.312149402636201,-4.6878505973637985
latent_fro,7,0,1.261938474372556,-5.738061525627444
latent_projection,7,0,1.1829133020275227,-5.817086697972478
gradient_fro,7,0,1.2499104762806865,-5.750089523719313
gradient_projection,7,0,1.1860123118338475,-5.8139876881661525
output_fro,7,0,1.1840305004372491,-5.815969499562751
loss,7,0,1.2505858800989758,-5.749414119901024
latent_fro,8,0,1.2688174259584744,-6.731182574041526
latent_projection,8,0,1.1828468981405729,-6.817153101859427
gradient_fro,8,0,1.3738184177306683,-6.626181582269332
gradient_projection,8,0,1.2373498283785378,-6.762650171621463
output_fro,8,0,1.1856976084319166,-6.814302391568083
loss,8,0,1.3737078972356283,-6.6262921027643715
latent_fro,9,0,1.2430519778488318,-7.756948022151168
latent_projection,9,0,1.2612881481227025,-7.738711851877298
gradient_fro,9,0,1.313626715231787,-7.686373284768213
gradient_projection,9,0,1.2663789480896526,-7.733621051910347
output_fro,9,0,1.2604563752457754,-7.739543624754225
loss,9,0,1.313044023908144,-7.6869559760918555
latent_fro,10,0,1.26782612797124,-8.73217387202876
latent_projection,10,0,1.1837799930202773,-8.816220006979723
gradient_fro,10,0,1.3541706271265306,-8.64582937287347
gradient_projection,10,0,1.2323026297001565,-8.767697370299844
output_fro,10,0,1.208892826606236,-8.791107173393764
loss,10,0,1.3544717984671604,-8.645528201532839
latent_fro,11,0,1.2645427560728784,-9.735457243927122
latent_projection,11,0,1.1881238536742,-9.8118761463258
gradient_fro,11,0,1.3761511638355848,-9.623848836164415
gradient_projection,11,0,1.2522416111828032,-9.747758388817196
output_fro,11,0,1.1964024291384034,-9.803597570861596
loss,11,0,1.3761111084848738,-9.623888891515126
latent_fro,12,0,1.3954683809003403,-10.60453161909966
latent_projection,12,0,1.1925140373429606,-10.80748596265704
gradient_fro,12,0,1.5035104880985117,-10.496489511901489
gradient_projection,12,0,1.204470765636467,-10.795529234363533
output_fro,12,0,1.2500749944548593,-10.74992500554514
loss,12,0,1.5030114802901302,-10.49698851970987
latent_fro,13,0,1.3734506832623932,-11.626549316737607
latent_projection,13,0,1.2717595211303325,-11.728240478869667
gradient_fro,13,0,1.3946679253307936,-11.605332074669207
gradient_projection,13,0,1.2106350344444519,-11.789364965555547
output_fro,13,0,1.247860847183543,-11.752139152816458
loss,13,0,1.394581428455377,-11.605418571544623
latent_fro,14,0,1.3493984170488804,-12.65060158295112
latent_projection,14,0,1.18803461524818,-12.81196538475182
gradient_fro,14,0,1.4297277772885453,-12.570272222711456
gradient_projection,14,0,1.2443848173251062,-12.755615182674894
output_fro,14,0,1.2679929186662444,-12.732007081333755
loss,14,0,1.429499892382891,-12.570500107617109
latent_fro,15,0,1.3391258434764737,-13.660874156523526
latent_projection,15,0,1.2375496907667631,-13.762450309233238
gradient_fro,15,0,1.3209463265636754,-13.679053673436325
gradient_projection,15,0,1.279944433466127,-13.720055566533873
output_fro,15,0,1.2700279374785364,-13.729972062521464
loss,15,0,1.321595657692724,-13.678404342307276
latent_fro,16,0,1.3494757034566731,-14.650524296543328
latent_projection,16,0,1.2819321105335695,-14.71806788946643
gradient_fro,16,0,1.436426828968866,-14.563573171031134
gradient_projection,16,0,1.2198191389632242,-14.780180861036776
output_fro,16,0,1.2577054914513066,-14.742294508548694
loss,16,0,1.4363169731166532,-14.563683026883346
latent_fro,17,0,1.3892736705111548,-15.610726329488845
latent_projection,17,0,1.1844548094815521,-15.815545190518447
gradient_fro,17,0,1.5100240564266734,-15.489975943573327
gradient_projection,17,0,1.3744982209665615,-15.625501779033439
output_fro,17,0,1.2607757021200874,-15.739224297879913
loss,17,0,1.5099526998556916,-15.490047300144308
latent_fro,18,0,1.3389662911042488,-16.66103370889575
latent_projection,18,0,1.3577253664065394,-16.64227463359346
gradient_fro,18,0,1.4675407555437074,-16.53245924445629
gradient_projection,18,0,1.231173316325756,-16.768826683674245
output_fro,18,0,1.2650204540935854,-16.734979545906416
loss,18,0,1.4675781264306358,-16.532421873569366
latent_fro,19,0,1.468671313628182,-17.53132868637182
latent_projection,19,0,1.276542908772944,-17.723457091227054
gradient_fro,19,0,1.4383457672362692,-17.56165423276373
gradient_projection,19,0,1.2894997490360958,-17.710500250963904
output_fro,19,0,1.2606950255332814,-17.73930497446672
loss,19,0,1.4386096210110981,-17.561390378988904
latent_fro,20,0,1.4091312495263546,-18.590868750473646
latent_projection,20,0,1.2734295280230257,-18.726570471976974
gradient_fro,20,0,1.4827811670133824,-18.517218832986618
gradient_projection,20,0,1.2319170248855196,-18.76808297511448
output_fro,20,0,1.2061567140196017,-18.793843285980397
loss,20,0,1.4825787376062824,-18.517421262393718
latent_fro,1,1,1.1575835012660487,0.1575835012660487
latent_projection,1,1,1.1862559257770922,0.18625592577709216
gradient_fro,1,1,1.157578143158386,0.15757814315838603
gradient_projection,1,1,1.18471391288092,0.1847139128809201
output_fro,1,1,1.1858351336655701,0.18583513366557014
loss,1,1,1.1502848180883747,0.15028481808837468
latent_fro,2,1,1.3021602481408139,-0.6978397518591861
latent_projection,2,1,1.1851088311629663,-0.8148911688370337
gradient_fro,2,1,1.3162729630679817,-0.6837270369320183
gradient_projection,2,1,1.184573660435845,-0.815426339564155
output_fro,2,1,1.1866519941356874,-0.8133480058643126
loss,2,1,1.316191932357276,-0.6838080676427241
latent_fro,3,1,1.2157862397321473,-1.7842137602678527
latent_projection,3,1,1.1864710120442787,-1.8135289879557213
gradient_fro,3,1,1.2819463462921403,-1.7180536537078597
gradient_projection,3,1,1.1855735148157989,-1.8144264851842011
output_fro,3,1,1.186182966190966,-1.813817033809034
loss,3,1,1.2825144321078135,-1.7174855678921865
latent_fro,4,1,1.3745185668578577,-2.6254814331421423
latent_projection,4,1,1.1826522686420764,-2.8173477313579234
gradient_fro,4,1,1.3631427350601417,-2.6368572649398585
gradient_projection,4,1,1.1844925114738245,-2.8155074885261753
output_fro,4,1,1.1854638805927646,-2.8145361194072356
loss,4,1,1.3633977188349977,-2.6366022811650023
latent_fro,5,1,1.3763192457340752,-3.6236807542659246
latent_projection,5,1,1.1859718449745482,-3.8140281550254516
gradient_fro,5,1,1.3365140309522492,-3.663485969047751
gradient_projection,5,1,1.184596536537193,-3.8154034634628067
output_fro,5,1,1.1870177356449212,-3.812982264355079
loss,5,1,1.336721013064969,-3.663278986935031
latent_fro,6,1,1.3532095586990076,-4.646790441300992
latent_projection,6,1,1.1857823481044283,-4.8142176518955715
gradient_fro,6,1,1.2945430577276453,-4.705456942272354
gradient_projection,6,1,1.1829539273047995,-4.8170460726952005
output_fro,6,1,1.1835985928878936,-4.816401407112107
loss,6,1,1.2943238918976956,-4.705676108102304
latent_fro,7,1,1.3751052848658347,-5.6248947151341655
latent_projection,7,1,1.1830475217060974,-5.816952478293903
gradient_fro,7,1,1.3920679696599159,-5.607932030340084
gradient_projection,7,1,1.1842559260715753,-5.815744073928425
output_fro,7,1,1.1832900311908578,-5.816709968809143
loss,7,1,1.391732919526019,-5.608267080473981
latent_fro,8,1,1.4765293208294046,-6.523470679170595
latent_projection,8,1,1.2014809740762582,-6.798519025923742
gradient_fro,8,1,1.370993113034697,-6.629006886965303
gradient_projection,8,1,1.1954219791186782,-6.804578020881322
output_fro,8,1,1.1858599453887364,-6.814140054611263
loss,8,1,1.370392819923527,-6.629607180076473
latent_fro,9,1,1.3802350906283551,-7.619764909371645
latent_projection,9,1,1.2168585749053542,-7.783141425094646
gradient_fro,9,1,1.3455071528665101,-7.65449284713349
gradient_projection,9,1,1.180365572920463,-7.819634427079537
output_fro,9,1,1.185363331402453,-7.814636668597547
loss,9,1,1.3449080511803437,-7.655091948819656
latent_fro,10,1,1.3539586759880766,-8.646041324011923
latent_projection,10,1,1.184400156793925,-8.815599843206074
gradient_fro,10,1,1.374197750809331,-8.625802249190668
gradient_projection,10,1,1.2253699914800655,-8.774630008519935
output_fro,10,1,1.1860010202750653,-8.813998979724936
loss,10,1,1.3739551350217696,-8.62604486497823
latent_fro,11,1,1.359661876743223,-9.640338123256777
latent_projection,11,1,1.260855154562215,-9.739144845437785
gradient_fro,11,1,1.4085308860533645,-9.591469113946635
gradient_projection,11,1,1.2435315677789969,-9.756468432221004
output_fro,11,1,1.1865556206585401,-9.81344437934146
loss,11,1,1.4083550400059281,-9.591644959994072
latent_fro,12,1,1.3551982996903118,-10.644801700309689
latent_projection,12,1,1.1858717185709362,-10.814128281429063
gradient_fro,12,1,1.3855641113965025,-10.614435888603497
gradient_projection,12,1,1.1874558138211642,-10.812544186178837
output_fro,12,1,1.185553248691597,-10.814446751308402
loss,12,1,1.3856336697595841,-10.614366330240415
latent_fro,13,1,1.378807404043381,-11.621192595956618
latent_projection,13,1,1.281691934526595,-11.718308065473405
gradient_fro,13,1,1.4199412550422923,-11.580058744957707
gradient_projection,13,1,1.2313977601953983,-11.768602239804602
output_fro,13,1,1.183605011622147,-11.816394988377853
loss,13,1,1.4198250264218544,-11.580174973578146
latent_fro,14,1,1.355313500052972,-12.644686499947028
latent_projection,14,1,1.194287847125928,-12.805712152874072
gradient_fro,14,1,1.3579922623950558,-12.642007737604944
gradient_projection,14,1,1.3195735290052015,-12.6804264709948
output_fro,14,1,1.2749072592787696,-12.72509274072123
loss,14,1,1.3582404256769722,-12.641759574323029
latent_fro,15,1,1.427633231125573,-13.572366768874428
latent_projection,15,1,1.2449505363693574,-13.755049463630643
gradient_fro,15,1,1.438421938917818,-13.561578061082182
gradient_projection,15,1,1.1877000096567178,-13.812299990343282
output_fro,15,1,1.275932352920651,-13.724067647079348
loss,15,1,1.438630936814958,-13.561369063185042
latent_fro,16,1,1.3775757491989054,-14.622424250801094
latent_projection,16,1,1.1882985931858632,-14.811701406814137
gradient_fro,16,1,1.3497426905421792,-14.650257309457821
gradient_projection,16,1,1.3455554936845182,-14.654444506315482
output_fro,16,1,1.3073561904149769,-14.692643809585023
loss,16,1,1.3493949823664773,-14.650605017633524
latent_fro,17,1,1.3709434467983526,-15.629056553201647
latent_projection,17,1,1.2599355204765939,-15.740064479523406
gradient_fro,17,1,1.3924557800430846,-15.607544219956916
gradient_projection,17,1,1.2397275148209213,-15.76027248517908
output_fro,17,1,1.313954931553454,-15.686045068446546
loss,17,1,1.3922666535397614,-15.607733346460238
latent_fro,18,1,1.3875253054520553,-16.612474694547945
latent_projection,18,1,1.2158103040508574,-16.78418969594914
gradient_fro,18,1,1.3632384859956936,-16.636761514004306
gradient_projection,18,1,1.2510013149394488,-16.748998685060553
output_fro,18,1,1.3136178478542246,-16.686382152145775
loss,18,1,1.363369102968718,-16.63663089703128
latent_fro,19,1,1.4078729667168293,-17.59212703328317
latent_projection,19,1,1.3300597777993242,-17.669940222200676
gradient_fro,19,1,1.3730138367486588,-17.626986163251342
gradient_projection,19,1,1.271985675344434,-17.728014324655565
output_fro,19,1,1.3619897383113684,-17.63801026168863
loss,19,1,1.373103570602591,-17.62689642939741
latent_fro,20,1,1.4012461928000082,-18.59875380719999
latent_projection,20,1,1.2280447979532427,-18.771955202046758
gradient_fro,20,1,1.4170417726592859,-18.582958227340715
gradient_projection,20,1,1.2336155360881373,-18.766384463911862
output_fro,20,1,1.3116344246270086,-18.68836557537299
loss,20,1,1.416912216406393,-18.58308778359361
latent_fro,1,2,1.1575869497995304,0.15758694979953036
latent_projection,1,2,1.1859483634173764,0.18594836341737642
gradient_fro,1,2,1.157638946033232,0.15763894603323192
gradient_projection,1,2,1.184996262697398,0.184996262697398
output_fro,1,2,1.1859688759875193,0.18596887598751932
loss,1,2,1.1507803445777283,0.15078034457772826
latent_fro,2,2,1.3386244520995434,-0.6613755479004566
latent_projection,2,2,1.1837099997716494,-0.8162900002283506
gradient_fro,2,2,1.3437893058654942,-0.6562106941345058
gradient_projection,2,2,1.1861765052896192,-0.8138234947103808
output_fro,2,2,1.187167810093248,-0.8128321899067521
loss,2,2,1.3425665578008101,-0.6574334421991899
latent_fro,3,2,1.2416028572454008,-1.7583971427545992
latent_projection,3,2,1.185457911401646,-1.814542088598354
gradient_fro,3,2,1.2160310004573933,-1.7839689995426067
gradient_projection,3,2,1.1863789682216697,-1.8136210317783303
output_fro,3,2,1.1831520572588339,-1.8168479427411661
loss,3,2,1.2247862889145904,-1.7752137110854096
latent_fro,4,2,1.3286892135005148,-2.671310786499485
latent_projection,4,2,1.1837562077397006,-2.816243792260299
gradient_fro,4,2,1.3587026713414811,-2.641297328658519
gradient_projection,4,2,1.1842642762735165,-2.8157357237264833
output_fro,4,2,1.1834387958447945,-2.8165612041552057
loss,4,2,1.3583426310977473,-2.6416573689022527
latent_fro,5,2,1.353694764317618,-3.646305235682382
latent_projection,5,2,1.2120939519056158,-3.787906048094384
gradient_fro,5,2,1.3174541171472363,-3.6825458828527635
gradient_projection,5,2,1.1849007222935612,-3.8150992777064388
output_fro,5,2,1.1831155045843775,-3.8168844954156222
loss,5,2,1.3179519717350303,-3.68204802826497
latent_fro,6,2,1.3522988044871804,-4.64770119551282
latent_projection,6,2,1.1833663428732557,-4.8166336571267445
gradient_fro,6,2,1.3289960409232202,-4.67100395907678
gradient_projection,6,2,1.184106449150665,-4.815893550849335
output_fro,6,2,1.1840473654158548,-4.8159526345841455
loss,6,2,1.328849412965825,-4.671150587034175
latent_fro,7,2,1.3159984404572027,-5.684001559542797
latent_projection,7,2,1.1844587340427275,-5.815541265957273
gradient_fro,7,2,1.3976247759003286,-5.602375224099672
gradient_projection,7,2,1.222292672399412,-5.777707327600588
output_fro,7,2,1.1843651308457384,-5.815634869154262
loss,7,2,1.3976207422483007,-5.602379257751699
latent_fro,8,2,1.2810075917933175,-6.718992408206683
latent_projection,8,2,1.1981065511283484,-6.801893448871652
gradient_fro,8,2,1.2898720659828447,-6.710127934017155
gradient_projection,8,2,1.1830955471264857,-6.816904452873514
output_fro,8,2,1.1929732194003764,-6.807026780599624
loss,8,2,1.2898420236725814,-6.710157976327419
latent_fro,9,2,1.318862210266998,-7.681137789733002
latent_projection,9,2,1.1846595258206962,-7.815340474179304
gradient_fro,9,2,1.2910429215104644,-7.708957078489536
gradient_projection,9,2,1.185177223884739,-7.814822776115261
output_fro,9,2,1.2111625432104056,-7.788837456789595
loss,9,2,1.2922324411473258,-7.707767558852674
latent_fro,10,2,1.3258103295706385,-8.674189670429362
latent_projection,10,2,1.183386218883318,-8.816613781116683
gradient_fro,10,2,1.4023564922558398,-8.59764350774416
gradient_projection,10,2,1.1908084442228735,-8.809191555777126
output_fro,10,2,1.2312483242018915,-8.768751675798109
loss,10,2,1.4029464166429064,-8.597053583357093
latent_fro,11,2,1.284968553474825,-9.715031446525176
latent_projection,11,2,1.2517514568602348,-9.748248543139765
gradient_fro,11,2,1.3828211167803883,-9.617178883219612
gradient_projection,11,2,1.1828775507331168,-9.817122449266883
output_fro,11,2,1.2154596806976337,-9.784540319302366
loss,11,2,1.382531931054983,-9.617468068945017
latent_fro,12,2,1.2828831068872861,-10.717116893112713
latent_projection,12,2,1.18442961997572,-10.81557038002428
gradient_fro,12,2,1.3825841566226547,-10.617415843377346
gradient_projection,12,2,1.1816883793270234,-10.818311620672976
output_fro,12,2,1.1862890869397187,-10.813710913060282
loss,12,2,1.382950994464807,-10.617049005535193
latent_fro,13,2,1.3630297587023006,-11.6369702412977
latent_projection,13,2,1.1913959108633045,-11.808604089136695
gradient_fro,13,2,1.3201109784148186,-11.679889021585181
gradient_projection,13,2,1.2805078342594756,-11.719492165740524
output_fro,13,2,1.2401324473319275,-11.759867552668073
loss,13,2,1.3202728680553473,-11.679727131944652
latent_fro,14,2,1.398521934748003,-12.601478065251998
latent_projection,14,2,1.2186630065064887,-12.781336993493511
gradient_fro,14,2,1.4228600114030605,-12.57713998859694
gradient_projection,14,2,1.1846503427319726,-12.815349657268028
output_fro,14,2,1.2074137585218243,-12.792586241478176
loss,14,2,1.423033016909079,-12.576966983090921
latent_fro,15,2,1.3886906739621865,-13.611309326037814
latent_projection,15,2,1.2360024095105921,-13.763997590489408
gradient_fro,15,2,1.5051833059031037,-13.494816694096896
gradient_projection,15,2,1.255796974512857,-13.744203025487144
output_fro,15,2,1.2214750685571683,-13.778524931442831
loss,15,2,1.5051609642522874,-13.494839035747713
latent_fro,16,2,1.4007754303917033,-14.599224569608296
latent_projection,16,2,1.2121142397264706,-14.787885760273529
gradient_fro,16,2,1.4216177627613042,-14.578382237238696
gradient_projection,16,2,1.185255764860556,-14.814744235139443
output_fro,16,2,1.3117036378059235,-14.688296362194077
loss,16,2,1.421575460643072,-14.578424539356927
latent_fro,17,2,1.4207983207426933,-15.579201679257306
latent_projection,17,2,1.2563762820243614,-15.74362371797564
gradient_fro,17,2,1.247560339122796,-15.752439660877204
gradient_projection,17,2,1.321436424882768,-15.678563575117233
output_fro,17,2,1.3005903687126728,-15.699409631287327
loss,17,2,1.2511794577298645,-15.748820542270135
latent_fro,18,2,1.4991996195382844,-16.500800380461715
latent_projection,18,2,1.2799265848961805,-16.72007341510382
gradient_fro,18,2,1.45248919994135,-16.54751080005865
gradient_projection,18,2,1.3264687040698426,-16.673531295930157
output_fro,18,2,1.3073582706524822,-16.692641729347518
loss,18,2,1.4527887621340607,-16.547211237865938
latent_fro,19,2,1.3850270413031898,-17.61497295869681
latent_projection,19,2,1.22996636575048,-17.77003363424952
gradient_fro,19,2,1.4855939270625238,-17.514406072937476
gradient_projection,19,2,1.2988108081828533,-17.701189191817146
output_fro,19,2,1.3076247415935587,-17.692375258406443
loss,19,2,1.4857268413216376,-17.514273158678364
latent_fro,20,2,1.4600488260472373,-18.539951173952762
latent_projection,20,2,1.2882260192988577,-18.711773980701143
gradient_fro,20,2,1.4622977675547033,-18.537702232445298
gradient_projection,20,2,1.233851174358721,-18.766148825641277
output_fro,20,2,1.3573400746280841,-18.642659925371916
loss,20,2,1.4623711873388288,-18.537628812661172
