arm,theiler,r,seed,observer,truth,MG,LB,PRdelay,theiler_used,degenerate
capped_150,150,2,0,w_fro,2.0000178223980276,2.360887756800611,2.406771852017373,2.0670676194623114,150.0,False
capped_150,150,2,0,c_norm,2.0000178223980276,2.3608941503941643,2.406778950934859,2.0670653083358688,150.0,False
capped_150,150,2,0,g_fro,2.0000178223980276,2.4288362134709494,2.4726637838037013,3.7468678052214432,150.0,False
span_624,624,2,0,w_fro,2.0000178223980276,2.1609676542525813,2.2231057535480168,2.0670676194623114,624.0,False
span_624,624,2,0,c_norm,2.0000178223980276,2.1609774570331255,2.2231207808859965,2.0670653083358688,624.0,False
span_624,624,2,0,g_fro,2.0000178223980276,2.658579953263849,2.846341877793173,3.7468678052214432,624.0,False
capped_150,150,2,1,w_fro,2.0000127261684764,2.3539035675874196,2.385542818666253,1.9669439204217216,150.0,False
capped_150,150,2,1,c_norm,2.0000127261684764,2.35387034213973,2.3855098438931956,1.9669462413046306,150.0,False
capped_150,150,2,1,g_fro,2.0000127261684764,2.433658075530449,2.4787604875532434,4.455362837751927,150.0,False
span_624,624,2,1,w_fro,2.0000127261684764,2.353389751886065,2.414472763163228,1.9669439204217216,624.0,False
span_624,624,2,1,c_norm,2.0000127261684764,2.3533999985342335,2.4144821409982726,1.9669462413046306,624.0,False
span_624,624,2,1,g_fro,2.0000127261684764,2.7187290976663276,2.9138494801682424,4.455362837751927,624.0,False
capped_150,150,2,2,w_fro,2.0000108011669555,2.143223742899853,2.1885994088546292,2.270108443526908,150.0,False
capped_150,150,2,2,c_norm,2.0000108011669555,2.1432247562279882,2.18859902032888,2.2701088873092403,150.0,False
capped_150,150,2,2,g_fro,2.0000108011669555,2.628031962073559,2.7152081369886347,4.147625719996963,150.0,False
span_624,624,2,2,w_fro,2.0000108011669555,2.2388639406539164,2.3137172329873197,2.270108443526908,624.0,False
span_624,624,2,2,c_norm,2.0000108011669555,2.238861080898042,2.31371402212117,2.2701088873092403,624.0,False
span_624,624,2,2,g_fro,2.0000108011669555,3.0203506856214424,3.2834527902803483,4.147625719996963,624.0,False
capped_150,150,5,0,w_fro,5.000207041205428,6.985139373304881,7.334575951811656,4.8661381820835246,150.0,False
capped_150,150,5,0,c_norm,5.000207041205428,6.98503917067358,7.3344686869516025,4.866144383696666,150.0,False
capped_150,150,5,0,g_fro,5.000207041205428,9.597830859030724,9.985691294101747,10.465611214880015,150.0,False
span_624,624,5,0,w_fro,5.000207041205428,6.716340231344251,7.030762761028836,4.8661381820835246,624.0,False
span_624,624,5,0,c_norm,5.000207041205428,6.7162691311977145,7.030681560464337,4.866144383696666,624.0,False
span_624,624,5,0,g_fro,5.000207041205428,9.084878346702068,9.445559103791197,10.465611214880015,624.0,False
capped_150,150,5,1,w_fro,4.9999851374793804,4.226855314268235,4.33003929456052,4.811410493620203,150.0,False
capped_150,150,5,1,c_norm,4.9999851374793804,4.226842407082377,4.330016524847943,4.811502794630211,150.0,False
capped_150,150,5,1,g_fro,4.9999851374793804,9.150928652805211,9.659694676128812,16.316907873371818,150.0,False
span_624,624,5,1,w_fro,4.9999851374793804,3.8033702904528486,3.8418055848189074,4.811410493620203,624.0,False
span_624,624,5,1,c_norm,4.9999851374793804,3.8033927175894235,3.841833253972923,4.811502794630211,624.0,False
span_624,624,5,1,g_fro,4.9999851374793804,8.90207448340434,9.377480794697684,16.316907873371818,624.0,False
capped_150,150,5,2,w_fro,5.000039369751406,4.525035930301833,4.572536240943836,5.490290771596916,150.0,False
capped_150,150,5,2,c_norm,5.000039369751406,4.5250713775690015,4.572571611034465,5.490286508192471,150.0,False
capped_150,150,5,2,g_fro,5.000039369751406,9.360201998770874,9.78771500506178,13.628908653170239,150.0,False
span_624,624,5,2,w_fro,5.000039369751406,4.113530114995358,4.148112948282793,5.490290771596916,624.0,False
span_624,624,5,2,c_norm,5.000039369751406,4.113548312442435,4.148131131937751,5.490286508192471,624.0,False
span_624,624,5,2,g_fro,5.000039369751406,9.009775469139145,9.420657310284279,13.628908653170239,624.0,False
capped_150,150,8,0,w_fro,8.000161350673954,5.537187611100451,5.616229968630913,6.305326113464125,150.0,False
capped_150,150,8,0,c_norm,8.000161350673954,5.53719756991099,5.616241506650829,6.305315711887286,150.0,False
capped_150,150,8,0,g_fro,8.000161350673954,12.438969368878116,12.960350781752355,18.144360501858,150.0,False
span_624,624,8,0,w_fro,8.000161350673954,5.33683954475651,5.414544736847221,6.305326113464125,624.0,False
span_624,624,8,0,c_norm,8.000161350673954,5.336857465963979,5.414561290039074,6.305315711887286,624.0,False
span_624,624,8,0,g_fro,8.000161350673954,12.226028880346815,12.717150886389977,18.144360501858,624.0,False
capped_150,150,8,1,w_fro,8.000136942698903,5.815641940761394,5.870339191505379,7.469595561783406,150.0,False
capped_150,150,8,1,c_norm,8.000136942698903,5.815650060454694,5.8703552953344635,7.469719222032961,150.0,False
capped_150,150,8,1,g_fro,8.000136942698903,14.922377885798856,15.582159252154845,24.734950032546617,150.0,False
span_624,624,8,1,w_fro,8.000136942698903,5.302199897767001,5.341028552205297,7.469595561783406,624.0,False
span_624,624,8,1,c_norm,8.000136942698903,5.30221630233614,5.341050056519323,7.469719222032961,624.0,False
span_624,624,8,1,g_fro,8.000136942698903,14.553462450871905,15.158968507423587,24.734950032546617,624.0,False
capped_150,150,8,2,w_fro,8.000001529401604,7.648757020176665,7.828498338664586,6.881460413178758,150.0,False
capped_150,150,8,2,c_norm,8.000001529401604,7.648787062805922,7.82852835249357,6.881454178687917,150.0,False
capped_150,150,8,2,g_fro,8.000001529401604,14.87062712615391,15.526289120235775,24.72186443232539,150.0,False
span_624,624,8,2,w_fro,8.000001529401604,7.360631789657896,7.538920860593388,6.881460413178758,624.0,False
span_624,624,8,2,c_norm,8.000001529401604,7.360668459532452,7.538961099770044,6.881454178687917,624.0,False
span_624,624,8,2,g_fro,8.000001529401604,14.534064581203955,15.169732471269278,24.72186443232539,624.0,False
capped_150,150,11,0,w_fro,10.999282574051088,7.2943505521208865,7.447636906727906,6.89780645472835,150.0,False
capped_150,150,11,0,c_norm,10.999282574051088,7.294395845391863,7.447688014020567,6.897807669848147,150.0,False
capped_150,150,11,0,g_fro,10.999282574051088,17.30661796154808,18.269788113483784,24.879216036966238,150.0,False
span_624,624,11,0,w_fro,10.999282574051088,6.5361537320663325,6.636296047544859,6.89780645472835,624.0,False
span_624,624,11,0,c_norm,10.999282574051088,6.536182393284666,6.636323963235381,6.897807669848147,624.0,False
span_624,624,11,0,g_fro,10.999282574051088,17.342133661615836,18.300864887668688,24.879216036966238,624.0,False
capped_150,150,11,1,w_fro,10.999875671356989,9.160000283017197,9.512464465657676,8.503067931499785,150.0,False
capped_150,150,11,1,c_norm,10.999875671356989,9.160008526237615,9.5124699254944,8.503150936380512,150.0,False
capped_150,150,11,1,g_fro,10.999875671356989,14.712958298737826,15.4299949495105,26.69007188792955,150.0,False
span_624,624,11,1,w_fro,10.999875671356989,8.669937492149488,9.05143598934504,8.503067931499785,624.0,False
span_624,624,11,1,c_norm,10.999875671356989,8.66997576412371,9.051476928475623,8.503150936380512,624.0,False
span_624,624,11,1,g_fro,10.999875671356989,14.328482149905986,15.035591618308331,26.69007188792955,624.0,False
capped_150,150,11,2,w_fro,10.999484564024105,9.266104275655875,9.52976696343701,9.642012070188809,150.0,False
capped_150,150,11,2,c_norm,10.999484564024105,9.26607252703504,9.529729217958023,9.641985244461997,150.0,False
capped_150,150,11,2,g_fro,10.999484564024105,19.612176987236623,20.72631057922448,22.757379603359716,150.0,False
span_624,624,11,2,w_fro,10.999484564024105,9.171940823775556,9.38240895152076,9.642012070188809,624.0,False
span_624,624,11,2,c_norm,10.999484564024105,9.171917420628285,9.382381679091305,9.641985244461997,624.0,False
span_624,624,11,2,g_fro,10.999484564024105,19.400126732654453,20.49741852251855,22.757379603359716,624.0,False
capped_150,150,14,0,w_fro,13.997998333216334,9.555632561850652,9.791418783627648,7.483182799838581,150.0,False
capped_150,150,14,0,c_norm,13.997998333216334,9.555626210788741,9.791409300347388,7.48318361500946,150.0,False
capped_150,150,14,0,g_fro,13.997998333216334,19.852270309502124,21.056182191484826,30.38421894487438,150.0,False
span_624,624,14,0,w_fro,13.997998333216334,8.991691924086249,9.215614497347222,7.483182799838581,624.0,False
span_624,624,14,0,c_norm,13.997998333216334,8.99168461424447,9.215604697326462,7.48318361500946,624.0,False
span_624,624,14,0,g_fro,13.997998333216334,19.47578087708428,20.664832550176637,30.38421894487438,624.0,False
capped_150,150,14,1,w_fro,13.997466087028698,12.126823309091861,12.692076606491623,9.755837265123438,150.0,False
capped_150,150,14,1,c_norm,13.997466087028698,12.126757941603254,12.692008343369583,9.755814381456709,150.0,False
capped_150,150,14,1,g_fro,13.997466087028698,19.93678527025833,20.93112021256881,29.51980935393216,150.0,False
span_624,624,14,1,w_fro,13.997466087028698,11.908441270936235,12.440632972793376,9.755837265123438,624.0,False
span_624,624,14,1,c_norm,13.997466087028698,11.90838225058468,12.440565789342044,9.755814381456709,624.0,False
span_624,624,14,1,g_fro,13.997466087028698,19.52445333193503,20.497166021178085,29.51980935393216,624.0,False
capped_150,150,14,2,w_fro,13.997172365212121,9.290349305878348,9.483682045890609,13.807019287696203,150.0,False
capped_150,150,14,2,c_norm,13.997172365212121,9.29036530712818,9.48369624498976,13.806973206354328,150.0,False
capped_150,150,14,2,g_fro,13.997172365212121,21.18367387140605,22.58714769486073,31.79408948628776,150.0,False
span_624,624,14,2,w_fro,13.997172365212121,9.042283908826091,9.224443195161736,13.807019287696203,624.0,False
span_624,624,14,2,c_norm,13.997172365212121,9.0422939931977,9.224452346635486,13.806973206354328,624.0,False
span_624,624,14,2,g_fro,13.997172365212121,20.897238115271847,22.303988264484506,31.79408948628776,624.0,False
capped_150,150,17,0,w_fro,16.998288031358335,11.722814259109416,12.269738938324563,7.8278583153828665,150.0,False
capped_150,150,17,0,c_norm,16.998288031358335,11.722813621105932,12.26973617866478,7.8278500904609265,150.0,False
capped_150,150,17,0,g_fro,16.998288031358335,21.225085056695647,22.531557614633943,31.880454669610284,150.0,False
span_624,624,17,0,w_fro,16.998288031358335,11.495368680687164,12.030447630884398,7.8278583153828665,624.0,False
span_624,624,17,0,c_norm,16.998288031358335,11.495366675292566,12.030446945242216,7.8278500904609265,624.0,False
span_624,624,17,0,g_fro,16.998288031358335,20.968700198727053,22.282765396838137,31.880454669610284,624.0,False
capped_150,150,17,1,w_fro,16.99686901985771,13.16233895177654,13.880637035970839,12.300721524583658,150.0,False
capped_150,150,17,1,c_norm,16.99686901985771,13.162334415518997,13.88062414216605,12.30072148672413,150.0,False
capped_150,150,17,1,g_fro,16.99686901985771,21.197476073513943,22.450364537459713,30.777150933720097,150.0,False
span_624,624,17,1,w_fro,16.99686901985771,12.708337690780136,13.450996405935381,12.300721524583658,624.0,False
span_624,624,17,1,c_norm,16.99686901985771,12.708302670960235,13.4509590666112,12.30072148672413,624.0,False
span_624,624,17,1,g_fro,16.99686901985771,20.944978079034218,22.195316063493905,30.777150933720097,624.0,False
capped_150,150,17,2,w_fro,16.997372096130167,13.49732588340716,14.013078364829333,11.535106268024448,150.0,False
capped_150,150,17,2,c_norm,16.997372096130167,13.497337245105166,14.013084846986532,11.535105162421942,150.0,False
capped_150,150,17,2,g_fro,16.997372096130167,22.12891494319951,23.309062280258253,32.06590075920016,150.0,False
span_624,624,17,2,w_fro,16.997372096130167,13.246175577146339,13.737856768411149,11.535106268024448,624.0,False
span_624,624,17,2,c_norm,16.997372096130167,13.246200800806388,13.737881748742627,11.535105162421942,624.0,False
span_624,624,17,2,g_fro,16.997372096130167,21.988310035539715,23.166824212352644,32.06590075920016,624.0,False
capped_150,150,20,0,w_fro,19.99283979654369,13.63626767633774,14.208442125284725,8.351837050507513,150.0,False
capped_150,150,20,0,c_norm,19.99283979654369,13.636276136195889,14.208453846900229,8.351837722001873,150.0,False
capped_150,150,20,0,g_fro,19.99283979654369,21.15326168484748,22.24843196441136,14.539663966018455,150.0,False
span_624,624,20,0,w_fro,19.99283979654369,13.449316011662795,14.02030724102128,8.351837050507513,624.0,False
span_624,624,20,0,c_norm,19.99283979654369,13.44932554654232,14.020318928569301,8.351837722001873,624.0,False
span_624,624,20,0,g_fro,19.99283979654369,20.79097862472362,21.891530251815976,14.539663966018455,624.0,False
capped_150,150,20,1,w_fro,19.993459635202722,14.6880873341364,15.531158502306335,13.507540771231863,150.0,False
capped_150,150,20,1,c_norm,19.993459635202722,14.68808373315392,15.531145496474375,13.507538926243656,150.0,False
capped_150,150,20,1,g_fro,19.993459635202722,22.841500779175,24.061749740444387,31.84093067169205,150.0,False
span_624,624,20,1,w_fro,19.993459635202722,13.999167998740107,14.830471979703342,13.507540771231863,624.0,False
span_624,624,20,1,c_norm,19.993459635202722,13.999176431873446,14.830475939960204,13.507538926243656,624.0,False
span_624,624,20,1,g_fro,19.993459635202722,22.662531434844617,23.84512953272493,31.84093067169205,624.0,False
capped_150,150,20,2,w_fro,19.984006902694457,13.375762216081865,14.104930670621828,14.404997775983173,150.0,False
capped_150,150,20,2,c_norm,19.984006902694457,13.3757618095261,14.104929902230396,14.405009523678233,150.0,False
capped_150,150,20,2,g_fro,19.984006902694457,20.363314347631576,21.433388478605295,5.446753512010937,150.0,False
span_624,624,20,2,w_fro,19.984006902694457,13.131749113191193,13.864228199548133,14.404997775983173,624.0,False
span_624,624,20,2,c_norm,19.984006902694457,13.131748798853632,13.864228787427882,14.405009523678233,624.0,False
span_624,624,20,2,g_fro,19.984006902694457,20.061311134821977,21.137484084075748,5.446753512010937,624.0,False
