step,train_steps,train_time_ms,step_avg_ms
1,2330,71.0,71.38
2,2330,166.0,83.22
3,2330,194.0,64.71
4,2330,226.0,56.58
5,2330,285.0,56.98
6,2330,384.0,63.94
7,2330,422.0,60.25
8,2330,482.0,60.27
9,2330,541.0,60.08
10,2330,601.0,60.12
11,2330,661.0,60.05
12,2330,721.0,60.1
13,2330,780.0,59.97
14,2330,841.0,60.07
15,2330,900.0,60.0
16,2330,961.0,60.06
17,2330,1020.0,59.99
18,2330,1082.0,60.12
19,2330,1144.0,60.22
20,2330,1207.0,60.35
21,2330,1268.0,60.37
22,2330,1329.0,60.43
23,2330,1390.0,60.46
24,2330,1454.0,60.57
25,2330,1514.0,60.58
26,2330,1576.0,60.62
27,2330,1636.0,60.58
28,2330,1698.0,60.64
29,2330,1758.0,60.62
30,2330,1820.0,60.65
31,2330,1879.0,60.61
32,2330,1941.0,60.64
33,2330,2000.0,60.6
34,2330,2061.0,60.62
35,2330,2120.0,60.58
36,2330,2181.0,60.6
37,2330,2241.0,60.57
38,2330,2305.0,60.65
39,2330,2367.0,60.68
40,2330,2428.0,60.7
41,2330,2489.0,60.7
42,2330,2552.0,60.75
43,2330,2612.0,60.74
44,2330,2674.0,60.78
45,2330,2734.0,60.76
46,2330,2795.0,60.76
47,2330,2855.0,60.75
48,2330,2916.0,60.76
49,2330,2977.0,60.75
50,2330,3038.0,60.76
51,2330,3098.0,60.74
52,2330,3160.0,60.76
53,2330,3221.0,60.77
54,2330,3282.0,60.77
55,2330,3342.0,60.76
56,2330,3404.0,60.78
57,2330,3464.0,60.77
58,2330,3525.0,60.78
59,2330,3585.0,60.77
60,2330,3648.0,60.8
61,2330,3708.0,60.79
62,2330,3770.0,60.8
63,2330,3830.0,60.8
64,2330,3891.0,60.8
65,2330,3952.0,60.81
66,2330,4014.0,60.82
67,2330,4075.0,60.82
68,2330,4136.0,60.82
69,2330,4196.0,60.81
70,2330,4258.0,60.82
71,2330,4318.0,60.81
72,2330,4380.0,60.84
73,2330,4440.0,60.83
74,2330,4502.0,60.84
75,2330,4562.0,60.83
76,2330,4622.0,60.82
77,2330,4682.0,60.81
78,2330,4744.0,60.81
79,2330,4803.0,60.79
80,2330,4865.0,60.81
81,2330,4925.0,60.8
82,2330,4987.0,60.81
83,2330,5047.0,60.81
84,2330,5109.0,60.82
85,2330,5170.0,60.82
86,2330,5231.0,60.83
87,2330,5292.0,60.83
88,2330,5354.0,60.84
89,2330,5414.0,60.83
90,2330,5476.0,60.84
91,2330,5537.0,60.85
92,2330,5599.0,60.86
93,2330,5660.0,60.86
94,2330,5721.0,60.86
95,2330,5781.0,60.86
96,2330,5842.0,60.86
97,2330,5902.0,60.85
98,2330,5963.0,60.85
99,2330,6022.0,60.83
100,2330,6084.0,60.84
101,2330,6144.0,60.83
102,2330,6206.0,60.84
103,2330,6267.0,60.84
104,2330,6328.0,60.85
105,2330,6389.0,60.85
106,2330,6451.0,60.86
107,2330,6511.0,60.85
108,2330,6574.0,60.87
109,2330,6634.0,60.86
110,2330,6696.0,60.87
111,2330,6756.0,60.87
112,2330,6818.0,60.87
113,2330,6878.0,60.86
114,2330,6939.0,60.87
115,2330,7000.0,60.87
116,2330,7061.0,60.87
117,2330,7121.0,60.86
118,2330,7182.0,60.87
119,2330,7242.0,60.86
120,2330,7304.0,60.86
121,2330,7364.0,60.86
122,2330,7425.0,60.86
123,2330,7486.0,60.86
124,2330,7548.0,60.87
125,2330,7609.0,60.87
126,2330,7670.0,60.87
127,2330,7729.0,60.86
128,2330,7791.0,60.87
129,2330,7852.0,60.87
130,2330,7913.0,60.87
131,2330,7974.0,60.87
132,2330,8035.0,60.87
133,2330,8096.0,60.87
134,2330,8157.0,60.88
135,2330,8218.0,60.87
136,2330,8279.0,60.88
137,2330,8339.0,60.87
138,2330,8401.0,60.88
139,2330,8461.0,60.87
140,2330,8522.0,60.87
141,2330,8583.0,60.87
142,2330,8644.0,60.87
143,2330,8704.0,60.87
144,2330,8766.0,60.87
145,2330,8825.0,60.87
146,2330,8888.0,60.87
147,2330,8948.0,60.87
148,2330,9010.0,60.88
149,2330,9071.0,60.88
150,2330,9132.0,60.88
151,2330,9192.0,60.88
152,2330,9254.0,60.88
153,2330,9314.0,60.87
154,2330,9375.0,60.88
155,2330,9435.0,60.87
156,2330,9497.0,60.88
157,2330,9558.0,60.88
158,2330,9619.0,60.88
159,2330,9678.0,60.87
160,2330,9740.0,60.87
161,2330,9801.0,60.88
162,2330,9863.0,60.88
163,2330,9922.0,60.87
164,2330,9983.0,60.87
165,2330,10043.0,60.87
166,2330,10104.0,60.87
167,2330,10164.0,60.86
168,2330,10226.0,60.87
169,2330,10287.0,60.87
170,2330,10348.0,60.87
171,2330,10410.0,60.88
172,2330,10471.0,60.88
173,2330,10531.0,60.87
174,2330,10593.0,60.88
175,2330,10653.0,60.87
176,2330,10714.0,60.88
177,2330,10774.0,60.87
178,2330,10836.0,60.88
179,2330,10897.0,60.88
180,2330,10958.0,60.88
181,2330,11018.0,60.87
182,2330,11079.0,60.87
183,2330,11139.0,60.87
184,2330,11201.0,60.87
185,2330,11261.0,60.87
186,2330,11322.0,60.87
187,2330,11382.0,60.87
188,2330,11443.0,60.87
189,2330,11503.0,60.86
190,2330,11564.0,60.86
191,2330,11624.0,60.86
192,2330,11684.0,60.86
193,2330,11744.0,60.85
194,2330,11807.0,60.86
195,2330,11867.0,60.86
196,2330,11928.0,60.86
197,2330,11989.0,60.86
198,2330,12051.0,60.86
199,2330,12112.0,60.86
200,2330,12175.0,60.87
201,2330,12234.0,60.86
202,2330,12295.0,60.86
203,2330,12355.0,60.86
204,2330,12416.0,60.87
205,2330,12477.0,60.86
206,2330,12538.0,60.86
207,2330,12599.0,60.86
208,2330,12660.0,60.86
209,2330,12719.0,60.86
210,2330,12781.0,60.86
211,2330,12840.0,60.85
212,2330,12902.0,60.86
213,2330,12961.0,60.85
214,2330,13022.0,60.85
215,2330,13082.0,60.84
216,2330,13143.0,60.85
217,2330,13203.0,60.84
218,2330,13265.0,60.85
219,2330,13324.0,60.84
220,2330,13386.0,60.85
221,2330,13446.0,60.84
222,2330,13508.0,60.85
223,2330,13568.0,60.84
224,2330,13630.0,60.85
225,2330,13690.0,60.84
226,2330,13752.0,60.85
227,2330,13811.0,60.84
228,2330,13873.0,60.85
229,2330,13933.0,60.84
230,2330,13995.0,60.85
231,2330,14055.0,60.84
232,2330,14117.0,60.85
233,2330,14177.0,60.84
234,2330,14238.0,60.85
235,2330,14298.0,60.84
236,2330,14360.0,60.85
237,2330,14419.0,60.84
238,2330,14480.0,60.84
239,2330,14539.0,60.83
240,2330,14600.0,60.83
241,2330,14660.0,60.83
242,2330,14721.0,60.83
243,2330,14781.0,60.83
244,2330,14843.0,60.83
245,2330,14903.0,60.83
246,2330,14965.0,60.83
247,2330,15025.0,60.83
248,2330,15087.0,60.84
249,2330,15148.0,60.83
250,2330,15209.0,60.84
251,2330,15291.0,60.92
252,2330,15332.0,60.84
253,2330,15395.0,60.85
254,2330,15459.0,60.86
255,2330,15520.0,60.86
256,2330,15582.0,60.87
257,2330,15642.0,60.86
258,2330,15702.0,60.86
259,2330,15762.0,60.86
260,2330,15822.0,60.86
261,2330,15881.0,60.85
262,2330,15942.0,60.85
263,2330,16001.0,60.84
264,2330,16061.0,60.84
265,2330,16120.0,60.83
266,2330,16180.0,60.83
267,2330,16242.0,60.83
268,2330,16304.0,60.83
269,2330,16365.0,60.84
270,2330,16428.0,60.84
271,2330,16489.0,60.84
272,2330,16550.0,60.85
273,2330,16611.0,60.84
274,2330,16672.0,60.85
275,2330,16732.0,60.84
276,2330,16793.0,60.85
277,2330,16852.0,60.84
278,2330,16914.0,60.84
279,2330,16974.0,60.84
280,2330,17035.0,60.84
281,2330,17095.0,60.84
282,2330,17156.0,60.84
283,2330,17216.0,60.83
284,2330,17278.0,60.84
285,2330,17337.0,60.83
286,2330,17399.0,60.84
287,2330,17459.0,60.83
288,2330,17520.0,60.83
289,2330,17580.0,60.83
290,2330,17641.0,60.83
291,2330,17701.0,60.83
292,2330,17762.0,60.83
293,2330,17822.0,60.83
294,2330,17884.0,60.83
295,2330,17942.0,60.82
296,2330,18004.0,60.82
297,2330,18064.0,60.82
298,2330,18125.0,60.82
299,2330,18184.0,60.82
300,2330,18246.0,60.82
301,2330,18306.0,60.82
302,2330,18367.0,60.82
303,2330,18427.0,60.82
304,2330,18490.0,60.82
305,2330,18550.0,60.82
306,2330,18611.0,60.82
307,2330,18670.0,60.82
308,2330,18732.0,60.82
309,2330,18792.0,60.82
310,2330,18853.0,60.82
311,2330,18913.0,60.81
312,2330,18975.0,60.82
313,2330,19035.0,60.81
314,2330,19096.0,60.82
315,2330,19155.0,60.81
316,2330,19216.0,60.81
317,2330,19277.0,60.81
318,2330,19338.0,60.81
319,2330,19397.0,60.81
320,2330,19458.0,60.81
321,2330,19519.0,60.81
322,2330,19579.0,60.81
323,2330,19639.0,60.8
324,2330,19700.0,60.8
325,2330,19760.0,60.8
326,2330,19821.0,60.8
327,2330,19880.0,60.79
328,2330,19942.0,60.8
329,2330,20001.0,60.79
330,2330,20062.0,60.8
331,2330,20122.0,60.79
332,2330,20183.0,60.79
333,2330,20243.0,60.79
334,2330,20305.0,60.79
335,2330,20364.0,60.79
336,2330,20426.0,60.79
337,2330,20485.0,60.79
338,2330,20547.0,60.79
339,2330,20607.0,60.79
340,2330,20669.0,60.79
341,2330,20729.0,60.79
342,2330,20790.0,60.79
343,2330,20850.0,60.79
344,2330,20912.0,60.79
345,2330,20971.0,60.79
346,2330,21033.0,60.79
347,2330,21093.0,60.79
348,2330,21154.0,60.79
349,2330,21213.0,60.78
350,2330,21275.0,60.79
351,2330,21335.0,60.78
352,2330,21398.0,60.79
353,2330,21457.0,60.78
354,2330,21518.0,60.79
355,2330,21577.0,60.78
356,2330,21638.0,60.78
357,2330,21697.0,60.78
358,2330,21759.0,60.78
359,2330,21817.0,60.77
360,2330,21878.0,60.77
361,2330,21938.0,60.77
362,2330,21998.0,60.77
363,2330,22058.0,60.76
364,2330,22118.0,60.76
365,2330,22178.0,60.76
366,2330,22239.0,60.76
367,2330,22298.0,60.76
368,2330,22360.0,60.76
369,2330,22419.0,60.76
370,2330,22480.0,60.76
371,2330,22540.0,60.75
372,2330,22600.0,60.75
373,2330,22661.0,60.75
374,2330,22722.0,60.75
375,2330,22781.0,60.75
376,2330,22843.0,60.75
377,2330,22901.0,60.75
378,2330,22964.0,60.75
379,2330,23023.0,60.75
380,2330,23085.0,60.75
381,2330,23146.0,60.75
382,2330,23208.0,60.75
383,2330,23268.0,60.75
384,2330,23329.0,60.75
385,2330,23389.0,60.75
386,2330,23451.0,60.75
387,2330,23511.0,60.75
388,2330,23572.0,60.75
389,2330,23632.0,60.75
390,2330,23693.0,60.75
391,2330,23753.0,60.75
392,2330,23815.0,60.75
393,2330,23875.0,60.75
394,2330,23936.0,60.75
395,2330,23996.0,60.75
396,2330,24058.0,60.75
397,2330,24117.0,60.75
398,2330,24179.0,60.75
399,2330,24238.0,60.75
400,2330,24298.0,60.75
401,2330,24358.0,60.74
402,2330,24419.0,60.74
403,2330,24478.0,60.74
404,2330,24539.0,60.74
405,2330,24598.0,60.74
406,2330,24659.0,60.74
407,2330,24719.0,60.73
408,2330,24780.0,60.73
409,2330,24839.0,60.73
410,2330,24900.0,60.73
411,2330,24961.0,60.73
412,2330,25021.0,60.73
413,2330,25080.0,60.73
414,2330,25142.0,60.73
415,2330,25201.0,60.72
416,2330,25262.0,60.73
417,2330,25321.0,60.72
418,2330,25382.0,60.72
419,2330,25442.0,60.72
420,2330,25503.0,60.72
421,2330,25562.0,60.72
422,2330,25624.0,60.72
423,2330,25683.0,60.72
424,2330,25745.0,60.72
425,2330,25805.0,60.72
426,2330,25866.0,60.72
427,2330,25927.0,60.72
428,2330,25988.0,60.72
429,2330,26049.0,60.72
430,2330,26111.0,60.72
431,2330,26171.0,60.72
432,2330,26233.0,60.72
433,2330,26293.0,60.72
434,2330,26353.0,60.72
435,2330,26413.0,60.72
436,2330,26474.0,60.72
437,2330,26534.0,60.72
438,2330,26596.0,60.72
439,2330,26655.0,60.72
440,2330,26716.0,60.72
441,2330,26776.0,60.72
442,2330,26837.0,60.72
443,2330,26897.0,60.72
444,2330,26958.0,60.72
445,2330,27017.0,60.71
446,2330,27078.0,60.71
447,2330,27138.0,60.71
448,2330,27199.0,60.71
449,2330,27259.0,60.71
450,2330,27319.0,60.71
451,2330,27379.0,60.71
452,2330,27441.0,60.71
453,2330,27500.0,60.71
454,2330,27562.0,60.71
455,2330,27622.0,60.71
456,2330,27683.0,60.71
457,2330,27743.0,60.71
458,2330,27804.0,60.71
459,2330,27864.0,60.71
460,2330,27925.0,60.71
461,2330,27985.0,60.71
462,2330,28047.0,60.71
463,2330,28107.0,60.71
464,2330,28169.0,60.71
465,2330,28229.0,60.71
466,2330,28290.0,60.71
467,2330,28351.0,60.71
468,2330,28413.0,60.71
469,2330,28473.0,60.71
470,2330,28534.0,60.71
471,2330,28594.0,60.71
472,2330,28655.0,60.71
473,2330,28715.0,60.71
474,2330,28777.0,60.71
475,2330,28837.0,60.71
476,2330,28898.0,60.71
477,2330,28958.0,60.71
478,2330,29019.0,60.71
479,2330,29079.0,60.71
480,2330,29141.0,60.71
481,2330,29200.0,60.71
482,2330,29261.0,60.71
483,2330,29320.0,60.7
484,2330,29381.0,60.71
485,2330,29442.0,60.7
486,2330,29503.0,60.7
487,2330,29562.0,60.7
488,2330,29624.0,60.7
489,2330,29684.0,60.7
490,2330,29745.0,60.7
491,2330,29804.0,60.7
492,2330,29866.0,60.7
493,2330,29926.0,60.7
494,2330,29988.0,60.7
495,2330,30048.0,60.7
496,2330,30109.0,60.7
497,2330,30169.0,60.7
498,2330,30231.0,60.7
499,2330,30291.0,60.7
500,2330,30352.0,60.7
501,2330,30434.0,60.75
502,2330,30475.0,60.71
503,2330,30537.0,60.71
504,2330,30600.0,60.72
505,2330,30660.0,60.71
506,2330,30721.0,60.71
507,2330,30780.0,60.71
508,2330,30842.0,60.71
509,2330,30902.0,60.71
510,2330,30963.0,60.71
511,2330,31023.0,60.71
512,2330,31084.0,60.71
513,2330,31144.0,60.71
514,2330,31205.0,60.71
515,2330,31264.0,60.71
516,2330,31326.0,60.71
517,2330,31386.0,60.71
518,2330,31448.0,60.71
519,2330,31509.0,60.71
520,2330,31570.0,60.71
521,2330,31631.0,60.71
522,2330,31692.0,60.71
523,2330,31751.0,60.71
524,2330,31812.0,60.71
525,2330,31871.0,60.71
526,2330,31933.0,60.71
527,2330,31992.0,60.71
528,2330,32054.0,60.71
529,2330,32114.0,60.71
530,2330,32175.0,60.71
531,2330,32235.0,60.71
532,2330,32296.0,60.71
533,2330,32357.0,60.71
534,2330,32418.0,60.71
535,2330,32478.0,60.71
536,2330,32540.0,60.71
537,2330,32600.0,60.71
538,2330,32662.0,60.71
539,2330,32722.0,60.71
540,2330,32783.0,60.71
541,2330,32844.0,60.71
542,2330,32905.0,60.71
543,2330,32966.0,60.71
544,2330,33028.0,60.71
545,2330,33087.0,60.71
546,2330,33149.0,60.71
547,2330,33209.0,60.71
548,2330,33270.0,60.71
549,2330,33330.0,60.71
550,2330,33391.0,60.71
551,2330,33451.0,60.71
552,2330,33512.0,60.71
553,2330,33571.0,60.71
554,2330,33633.0,60.71
555,2330,33692.0,60.71
556,2330,33753.0,60.71
557,2330,33813.0,60.71
558,2330,33874.0,60.71
559,2330,33934.0,60.71
560,2330,33996.0,60.71
561,2330,34056.0,60.71
562,2330,34118.0,60.71
563,2330,34177.0,60.71
564,2330,34238.0,60.71
565,2330,34299.0,60.71
566,2330,34361.0,60.71
567,2330,34421.0,60.71
568,2330,34482.0,60.71
569,2330,34542.0,60.71
570,2330,34603.0,60.71
571,2330,34663.0,60.71
572,2330,34725.0,60.71
573,2330,34785.0,60.71
574,2330,34846.0,60.71
575,2330,34907.0,60.71
576,2330,34968.0,60.71
577,2330,35028.0,60.71
578,2330,35089.0,60.71
579,2330,35149.0,60.71
580,2330,35209.0,60.71
581,2330,35269.0,60.7
582,2330,35330.0,60.7
583,2330,35389.0,60.7
584,2330,35450.0,60.7
585,2330,35509.0,60.7
586,2330,35570.0,60.7
587,2330,35630.0,60.7
588,2330,35691.0,60.7
589,2330,35750.0,60.7
590,2330,35811.0,60.7
591,2330,35871.0,60.7
592,2330,35932.0,60.7
593,2330,35991.0,60.69
594,2330,36052.0,60.69
595,2330,36112.0,60.69
596,2330,36174.0,60.69
597,2330,36233.0,60.69
598,2330,36294.0,60.69
599,2330,36354.0,60.69
600,2330,36415.0,60.69
601,2330,36475.0,60.69
602,2330,36537.0,60.69
603,2330,36596.0,60.69
604,2330,36658.0,60.69
605,2330,36718.0,60.69
606,2330,36780.0,60.69
607,2330,36840.0,60.69
608,2330,36902.0,60.69
609,2330,36962.0,60.69
610,2330,37024.0,60.7
611,2330,37084.0,60.69
612,2330,37146.0,60.7
613,2330,37206.0,60.69
614,2330,37268.0,60.7
615,2330,37328.0,60.7
616,2330,37390.0,60.7
617,2330,37449.0,60.7
618,2330,37510.0,60.7
619,2330,37571.0,60.7
620,2330,37632.0,60.7
621,2330,37690.0,60.69
622,2330,37752.0,60.7
623,2330,37812.0,60.69
624,2330,37873.0,60.69
625,2330,37933.0,60.69
626,2330,37994.0,60.69
627,2330,38054.0,60.69
628,2330,38116.0,60.69
629,2330,38176.0,60.69
630,2330,38239.0,60.7
631,2330,38298.0,60.69
632,2330,38360.0,60.7
633,2330,38419.0,60.69
634,2330,38482.0,60.7
635,2330,38541.0,60.7
636,2330,38603.0,60.7
637,2330,38663.0,60.7
638,2330,38726.0,60.7
639,2330,38785.0,60.7
640,2330,38847.0,60.7
641,2330,38907.0,60.7
642,2330,38969.0,60.7
643,2330,39028.0,60.7
644,2330,39090.0,60.7
645,2330,39150.0,60.7
646,2330,39211.0,60.7
647,2330,39270.0,60.7
648,2330,39331.0,60.7
649,2330,39391.0,60.69
650,2330,39452.0,60.7
651,2330,39512.0,60.69
652,2330,39573.0,60.69
653,2330,39633.0,60.69
654,2330,39694.0,60.69
655,2330,39754.0,60.69
656,2330,39815.0,60.69
657,2330,39875.0,60.69
658,2330,39938.0,60.7
659,2330,39998.0,60.69
660,2330,40059.0,60.7
661,2330,40119.0,60.69
662,2330,40181.0,60.7
663,2330,40241.0,60.7
664,2330,40303.0,60.7
665,2330,40364.0,60.7
666,2330,40425.0,60.7
667,2330,40485.0,60.7
668,2330,40548.0,60.7
669,2330,40607.0,60.7
670,2330,40668.0,60.7
671,2330,40728.0,60.7
672,2330,40790.0,60.7
673,2330,40850.0,60.7
674,2330,40911.0,60.7
675,2330,40971.0,60.7
676,2330,41032.0,60.7
677,2330,41091.0,60.7
678,2330,41152.0,60.7
679,2330,41212.0,60.69
680,2330,41274.0,60.7
681,2330,41333.0,60.69
682,2330,41395.0,60.7
683,2330,41455.0,60.7
684,2330,41517.0,60.7
685,2330,41577.0,60.7
686,2330,41638.0,60.7
687,2330,41699.0,60.7
688,2330,41761.0,60.7
689,2330,41820.0,60.7
690,2330,41882.0,60.7
691,2330,41942.0,60.7
692,2330,42004.0,60.7
693,2330,42064.0,60.7
694,2330,42126.0,60.7
695,2330,42186.0,60.7
696,2330,42247.0,60.7
697,2330,42307.0,60.7
698,2330,42369.0,60.7
699,2330,42428.0,60.7
700,2330,42490.0,60.7
701,2330,42549.0,60.7
702,2330,42611.0,60.7
703,2330,42670.0,60.7
704,2330,42731.0,60.7
705,2330,42791.0,60.7
706,2330,42851.0,60.7
707,2330,42911.0,60.7
708,2330,42972.0,60.7
709,2330,43031.0,60.69
710,2330,43093.0,60.69
711,2330,43153.0,60.69
712,2330,43214.0,60.69
713,2330,43274.0,60.69
714,2330,43336.0,60.69
715,2330,43396.0,60.69
716,2330,43457.0,60.69
717,2330,43516.0,60.69
718,2330,43579.0,60.69
719,2330,43638.0,60.69
720,2330,43700.0,60.69
721,2330,43760.0,60.69
722,2330,43822.0,60.69
723,2330,43883.0,60.7
724,2330,43945.0,60.7
725,2330,44005.0,60.7
726,2330,44066.0,60.7
727,2330,44127.0,60.7
728,2330,44189.0,60.7
729,2330,44248.0,60.7
730,2330,44311.0,60.7
731,2330,44370.0,60.7
732,2330,44431.0,60.7
733,2330,44490.0,60.7
734,2330,44551.0,60.7
735,2330,44610.0,60.69
736,2330,44671.0,60.69
737,2330,44731.0,60.69
738,2330,44792.0,60.69
739,2330,44852.0,60.69
740,2330,44913.0,60.69
741,2330,44974.0,60.69
742,2330,45035.0,60.69
743,2330,45095.0,60.69
744,2330,45157.0,60.69
745,2330,45216.0,60.69
746,2330,45278.0,60.69
747,2330,45338.0,60.69
748,2330,45400.0,60.69
749,2330,45460.0,60.69
750,2330,45521.0,60.69
751,2330,45602.0,60.72
752,2330,45645.0,60.7
753,2330,45707.0,60.7
754,2330,45771.0,60.7
755,2330,45832.0,60.7
756,2330,45892.0,60.7
757,2330,45951.0,60.7
758,2330,46012.0,60.7
759,2330,46072.0,60.7
760,2330,46133.0,60.7
761,2330,46193.0,60.7
762,2330,46253.0,60.7
763,2330,46312.0,60.7
764,2330,46374.0,60.7
765,2330,46433.0,60.7
766,2330,46496.0,60.7
767,2330,46557.0,60.7
768,2330,46620.0,60.7
769,2330,46681.0,60.7
770,2330,46744.0,60.71
771,2330,46804.0,60.71
772,2330,46867.0,60.71
773,2330,46928.0,60.71
774,2330,46990.0,60.71
775,2330,47050.0,60.71
776,2330,47112.0,60.71
777,2330,47173.0,60.71
778,2330,47236.0,60.71
779,2330,47296.0,60.71
780,2330,47358.0,60.71
781,2330,47417.0,60.71
782,2330,47479.0,60.71
783,2330,47539.0,60.71
784,2330,47602.0,60.72
785,2330,47663.0,60.72
786,2330,47725.0,60.72
787,2330,47786.0,60.72
788,2330,47848.0,60.72
789,2330,47909.0,60.72
790,2330,47972.0,60.72
791,2330,48032.0,60.72
792,2330,48094.0,60.72
793,2330,48155.0,60.72
794,2330,48216.0,60.73
795,2330,48277.0,60.73
796,2330,48340.0,60.73
797,2330,48399.0,60.73
798,2330,48461.0,60.73
799,2330,48521.0,60.73
800,2330,48584.0,60.73
801,2330,48643.0,60.73
802,2330,48705.0,60.73
803,2330,48766.0,60.73
804,2330,48828.0,60.73
805,2330,48890.0,60.73
806,2330,48951.0,60.73
807,2330,49011.0,60.73
808,2330,49074.0,60.74
809,2330,49135.0,60.74
810,2330,49197.0,60.74
811,2330,49257.0,60.74
812,2330,49318.0,60.74
813,2330,49379.0,60.74
814,2330,49441.0,60.74
815,2330,49502.0,60.74
816,2330,49564.0,60.74
817,2330,49624.0,60.74
818,2330,49686.0,60.74
819,2330,49747.0,60.74
820,2330,49809.0,60.74
821,2330,49870.0,60.74
822,2330,49932.0,60.74
823,2330,49992.0,60.74
824,2330,50055.0,60.75
825,2330,50115.0,60.75
826,2330,50177.0,60.75
827,2330,50238.0,60.75
828,2330,50299.0,60.75
829,2330,50360.0,60.75
830,2330,50421.0,60.75
831,2330,50482.0,60.75
832,2330,50544.0,60.75
833,2330,50604.0,60.75
834,2330,50666.0,60.75
835,2330,50726.0,60.75
836,2330,50788.0,60.75
837,2330,50849.0,60.75
838,2330,50912.0,60.75
839,2330,50973.0,60.75
840,2330,51035.0,60.76
841,2330,51096.0,60.76
842,2330,51158.0,60.76
843,2330,51219.0,60.76
844,2330,51281.0,60.76
845,2330,51341.0,60.76
846,2330,51403.0,60.76
847,2330,51463.0,60.76
848,2330,51525.0,60.76
849,2330,51585.0,60.76
850,2330,51647.0,60.76
851,2330,51707.0,60.76
852,2330,51770.0,60.76
853,2330,51830.0,60.76
854,2330,51892.0,60.76
855,2330,51953.0,60.76
856,2330,52015.0,60.77
857,2330,52076.0,60.77
858,2330,52138.0,60.77
859,2330,52199.0,60.77
860,2330,52261.0,60.77
861,2330,52321.0,60.77
862,2330,52384.0,60.77
863,2330,52444.0,60.77
864,2330,52506.0,60.77
865,2330,52566.0,60.77
866,2330,52629.0,60.77
867,2330,52689.0,60.77
868,2330,52752.0,60.77
869,2330,52811.0,60.77
870,2330,52874.0,60.77
871,2330,52934.0,60.77
872,2330,52996.0,60.78
873,2330,53057.0,60.78
874,2330,53119.0,60.78
875,2330,53180.0,60.78
876,2330,53241.0,60.78
877,2330,53302.0,60.78
878,2330,53364.0,60.78
879,2330,53424.0,60.78
880,2330,53487.0,60.78
881,2330,53547.0,60.78
882,2330,53609.0,60.78
883,2330,53669.0,60.78
884,2330,53731.0,60.78
885,2330,53792.0,60.78
886,2330,53854.0,60.78
887,2330,53914.0,60.78
888,2330,53977.0,60.78
889,2330,54036.0,60.78
890,2330,54099.0,60.78
891,2330,54159.0,60.78
892,2330,54221.0,60.79
893,2330,54282.0,60.79
894,2330,54343.0,60.79
895,2330,54404.0,60.79
896,2330,54466.0,60.79
897,2330,54526.0,60.79
898,2330,54589.0,60.79
899,2330,54649.0,60.79
900,2330,54711.0,60.79
901,2330,54771.0,60.79
902,2330,54833.0,60.79
903,2330,54894.0,60.79
904,2330,54956.0,60.79
905,2330,55017.0,60.79
906,2330,55079.0,60.79
907,2330,55139.0,60.79
908,2330,55201.0,60.79
909,2330,55262.0,60.79
910,2330,55323.0,60.8
911,2330,55384.0,60.79
912,2330,55445.0,60.8
913,2330,55506.0,60.79
914,2330,55568.0,60.8
915,2330,55629.0,60.8
916,2330,55691.0,60.8
917,2330,55751.0,60.8
918,2330,55814.0,60.8
919,2330,55875.0,60.8
920,2330,55937.0,60.8
921,2330,55998.0,60.8
922,2330,56059.0,60.8
923,2330,56120.0,60.8
924,2330,56182.0,60.8
925,2330,56242.0,60.8
926,2330,56304.0,60.8
927,2330,56365.0,60.8
928,2330,56427.0,60.81
929,2330,56487.0,60.8
930,2330,56549.0,60.81
931,2330,56610.0,60.81
932,2330,56672.0,60.81
933,2330,56733.0,60.81
934,2330,56795.0,60.81
935,2330,56855.0,60.81
936,2330,56918.0,60.81
937,2330,56978.0,60.81
938,2330,57040.0,60.81
939,2330,57101.0,60.81
940,2330,57162.0,60.81
941,2330,57222.0,60.81
942,2330,57285.0,60.81
943,2330,57345.0,60.81
944,2330,57408.0,60.81
945,2330,57468.0,60.81
946,2330,57530.0,60.81
947,2330,57590.0,60.81
948,2330,57653.0,60.81
949,2330,57714.0,60.82
950,2330,57776.0,60.82
951,2330,57836.0,60.82
952,2330,57899.0,60.82
953,2330,57960.0,60.82
954,2330,58022.0,60.82
955,2330,58083.0,60.82
956,2330,58144.0,60.82
957,2330,58205.0,60.82
958,2330,58267.0,60.82
959,2330,58327.0,60.82
960,2330,58390.0,60.82
961,2330,58450.0,60.82
962,2330,58512.0,60.82
963,2330,58573.0,60.82
964,2330,58635.0,60.82
965,2330,58696.0,60.82
966,2330,58757.0,60.83
967,2330,58818.0,60.83
968,2330,58880.0,60.83
969,2330,58940.0,60.83
970,2330,59002.0,60.83
971,2330,59062.0,60.83
972,2330,59124.0,60.83
973,2330,59185.0,60.83
974,2330,59248.0,60.83
975,2330,59309.0,60.83
976,2330,59371.0,60.83
977,2330,59430.0,60.83
978,2330,59493.0,60.83
979,2330,59553.0,60.83
980,2330,59616.0,60.83
981,2330,59676.0,60.83
982,2330,59739.0,60.83
983,2330,59799.0,60.83
984,2330,59861.0,60.83
985,2330,59922.0,60.83
986,2330,59985.0,60.84
987,2330,60045.0,60.84
988,2330,60107.0,60.84
989,2330,60167.0,60.84
990,2330,60229.0,60.84
991,2330,60290.0,60.84
992,2330,60352.0,60.84
993,2330,60412.0,60.84
994,2330,60474.0,60.84
995,2330,60535.0,60.84
996,2330,60597.0,60.84
997,2330,60657.0,60.84
998,2330,60719.0,60.84
999,2330,60780.0,60.84
1000,2330,60841.0,60.84
1001,2330,60924.0,60.86
1002,2330,60967.0,60.85
1003,2330,61034.0,60.85
1004,2330,61098.0,60.85
1005,2330,61159.0,60.86
1006,2330,61221.0,60.86
1007,2330,61281.0,60.85
1008,2330,61342.0,60.86
1009,2330,61402.0,60.85
1010,2330,61464.0,60.85
1011,2330,61523.0,60.85
1012,2330,61584.0,60.85
1013,2330,61644.0,60.85
1014,2330,61706.0,60.85
1015,2330,61765.0,60.85
1016,2330,61829.0,60.86
1017,2330,61891.0,60.86
1018,2330,61955.0,60.86
1019,2330,62015.0,60.86
1020,2330,62078.0,60.86
1021,2330,62139.0,60.86
1022,2330,62202.0,60.86
1023,2330,62263.0,60.86
1024,2330,62324.0,60.86
1025,2330,62384.0,60.86
1026,2330,62446.0,60.86
1027,2330,62505.0,60.86
1028,2330,62567.0,60.86
1029,2330,62627.0,60.86
1030,2330,62689.0,60.86
1031,2330,62749.0,60.86
1032,2330,62812.0,60.86
1033,2330,62873.0,60.86
1034,2330,62935.0,60.87
1035,2330,62996.0,60.87
1036,2330,63058.0,60.87
1037,2330,63119.0,60.87
1038,2330,63181.0,60.87
1039,2330,63242.0,60.87
1040,2330,63305.0,60.87
1041,2330,63365.0,60.87
1042,2330,63427.0,60.87
1043,2330,63487.0,60.87
1044,2330,63549.0,60.87
1045,2330,63609.0,60.87
1046,2330,63671.0,60.87
1047,2330,63732.0,60.87
1048,2330,63794.0,60.87
1049,2330,63855.0,60.87
1050,2330,63917.0,60.87
1051,2330,63977.0,60.87
1052,2330,64040.0,60.87
1053,2330,64100.0,60.87
1054,2330,64163.0,60.88
1055,2330,64224.0,60.88
1056,2330,64286.0,60.88
1057,2330,64347.0,60.88
1058,2330,64409.0,60.88
1059,2330,64470.0,60.88
1060,2330,64531.0,60.88
1061,2330,64591.0,60.88
1062,2330,64654.0,60.88
1063,2330,64714.0,60.88
1064,2330,64776.0,60.88
1065,2330,64837.0,60.88
1066,2330,64900.0,60.88
1067,2330,64960.0,60.88
1068,2330,65023.0,60.88
1069,2330,65083.0,60.88
1070,2330,65145.0,60.88
1071,2330,65206.0,60.88
1072,2330,65268.0,60.88
1073,2330,65329.0,60.88
1074,2330,65391.0,60.89
1075,2330,65452.0,60.89
1076,2330,65514.0,60.89
1077,2330,65574.0,60.89
1078,2330,65636.0,60.89
1079,2330,65697.0,60.89
1080,2330,65759.0,60.89
1081,2330,65819.0,60.89
1082,2330,65882.0,60.89
1083,2330,65943.0,60.89
1084,2330,66005.0,60.89
1085,2330,66065.0,60.89
1086,2330,66128.0,60.89
1087,2330,66188.0,60.89
1088,2330,66251.0,60.89
1089,2330,66311.0,60.89
1090,2330,66374.0,60.89
1091,2330,66434.0,60.89
1092,2330,66497.0,60.89
1093,2330,66558.0,60.89
1094,2330,66620.0,60.9
1095,2330,66680.0,60.9
1096,2330,66742.0,60.9
1097,2330,66802.0,60.9
1098,2330,66864.0,60.9
1099,2330,66924.0,60.9
1100,2330,66987.0,60.9
1101,2330,67046.0,60.9
1102,2330,67109.0,60.9
1103,2330,67170.0,60.9
1104,2330,67233.0,60.9
1105,2330,67292.0,60.9
1106,2330,67355.0,60.9
1107,2330,67415.0,60.9
1108,2330,67478.0,60.9
1109,2330,67539.0,60.9
1110,2330,67601.0,60.9
1111,2330,67662.0,60.9
1112,2330,67724.0,60.9
1113,2330,67784.0,60.9
1114,2330,67846.0,60.9
1115,2330,67905.0,60.9
1116,2330,67967.0,60.9
1117,2330,68028.0,60.9
1118,2330,68090.0,60.9
1119,2330,68151.0,60.9
1120,2330,68213.0,60.9
1121,2330,68274.0,60.9
1122,2330,68336.0,60.91
1123,2330,68396.0,60.91
1124,2330,68459.0,60.91
1125,2330,68519.0,60.91
1126,2330,68582.0,60.91
1127,2330,68642.0,60.91
1128,2330,68704.0,60.91
1129,2330,68764.0,60.91
1130,2330,68826.0,60.91
1131,2330,68886.0,60.91
1132,2330,68948.0,60.91
1133,2330,69009.0,60.91
1134,2330,69071.0,60.91
1135,2330,69132.0,60.91
1136,2330,69194.0,60.91
1137,2330,69255.0,60.91
1138,2330,69317.0,60.91
1139,2330,69378.0,60.91
1140,2330,69440.0,60.91
1141,2330,69500.0,60.91
1142,2330,69563.0,60.91
1143,2330,69623.0,60.91
1144,2330,69685.0,60.91
1145,2330,69746.0,60.91
1146,2330,69807.0,60.91
1147,2330,69868.0,60.91
1148,2330,69930.0,60.91
1149,2330,69990.0,60.91
1150,2330,70053.0,60.92
1151,2330,70113.0,60.91
1152,2330,70175.0,60.92
1153,2330,70235.0,60.91
1154,2330,70297.0,60.92
1155,2330,70358.0,60.92
1156,2330,70420.0,60.92
1157,2330,70480.0,60.92
1158,2330,70543.0,60.92
1159,2330,70603.0,60.92
1160,2330,70665.0,60.92
1161,2330,70725.0,60.92
1162,2330,70788.0,60.92
1163,2330,70848.0,60.92
1164,2330,70910.0,60.92
1165,2330,70971.0,60.92
1166,2330,71033.0,60.92
1167,2330,71094.0,60.92
1168,2330,71155.0,60.92
1169,2330,71216.0,60.92
1170,2330,71278.0,60.92
1171,2330,71339.0,60.92
1172,2330,71401.0,60.92
1173,2330,71462.0,60.92
1174,2330,71524.0,60.92
1175,2330,71584.0,60.92
1176,2330,71646.0,60.92
1177,2330,71707.0,60.92
1178,2330,71769.0,60.92
1179,2330,71829.0,60.92
1180,2330,71892.0,60.93
1181,2330,71953.0,60.93
1182,2330,72014.0,60.93
1183,2330,72074.0,60.93
1184,2330,72136.0,60.93
1185,2330,72197.0,60.93
1186,2330,72259.0,60.93
1187,2330,72319.0,60.93
1188,2330,72381.0,60.93
1189,2330,72442.0,60.93
1190,2330,72504.0,60.93
1191,2330,72565.0,60.93
1192,2330,72627.0,60.93
1193,2330,72687.0,60.93
1194,2330,72749.0,60.93
1195,2330,72811.0,60.93
1196,2330,72872.0,60.93
1197,2330,72932.0,60.93
1198,2330,72995.0,60.93
1199,2330,73055.0,60.93
1200,2330,73118.0,60.93
1201,2330,73178.0,60.93
1202,2330,73240.0,60.93
1203,2330,73301.0,60.93
1204,2330,73363.0,60.93
1205,2330,73423.0,60.93
1206,2330,73485.0,60.93
1207,2330,73545.0,60.93
1208,2330,73608.0,60.93
1209,2330,73669.0,60.93
1210,2330,73730.0,60.93
1211,2330,73791.0,60.93
1212,2330,73853.0,60.93
1213,2330,73913.0,60.93
1214,2330,73975.0,60.93
1215,2330,74035.0,60.93
1216,2330,74098.0,60.94
1217,2330,74158.0,60.93
1218,2330,74220.0,60.94
1219,2330,74280.0,60.94
1220,2330,74342.0,60.94
1221,2330,74403.0,60.94
1222,2330,74465.0,60.94
1223,2330,74525.0,60.94
1224,2330,74587.0,60.94
1225,2330,74648.0,60.94
1226,2330,74710.0,60.94
1227,2330,74771.0,60.94
1228,2330,74833.0,60.94
1229,2330,74893.0,60.94
1230,2330,74955.0,60.94
1231,2330,75016.0,60.94
1232,2330,75078.0,60.94
1233,2330,75138.0,60.94
1234,2330,75201.0,60.94
1235,2330,75262.0,60.94
1236,2330,75324.0,60.94
1237,2330,75385.0,60.94
1238,2330,75447.0,60.94
1239,2330,75507.0,60.94
1240,2330,75570.0,60.94
1241,2330,75630.0,60.94
1242,2330,75692.0,60.94
1243,2330,75753.0,60.94
1244,2330,75815.0,60.94
1245,2330,75875.0,60.94
1246,2330,75937.0,60.94
1247,2330,75998.0,60.94
1248,2330,76060.0,60.95
1249,2330,76121.0,60.95
1250,2330,76183.0,60.95
1251,2330,76264.0,60.96
1252,2330,76308.0,60.95
1253,2330,76372.0,60.95
1254,2330,76436.0,60.95
1255,2330,76497.0,60.95
1256,2330,76559.0,60.95
1257,2330,76620.0,60.95
1258,2330,76682.0,60.96
1259,2330,76743.0,60.96
1260,2330,76804.0,60.96
1261,2330,76864.0,60.95
1262,2330,76925.0,60.96
1263,2330,76985.0,60.95
1264,2330,77048.0,60.96
1265,2330,77108.0,60.95
1266,2330,77170.0,60.96
1267,2330,77233.0,60.96
1268,2330,77297.0,60.96
1269,2330,77359.0,60.96
1270,2330,77422.0,60.96
1271,2330,77481.0,60.96
1272,2330,77545.0,60.96
1273,2330,77606.0,60.96
1274,2330,77668.0,60.96
1275,2330,77728.0,60.96
1276,2330,77791.0,60.96
1277,2330,77851.0,60.96
1278,2330,77914.0,60.97
1279,2330,77975.0,60.97
1280,2330,78037.0,60.97
1281,2330,78098.0,60.97
1282,2330,78160.0,60.97
1283,2330,78221.0,60.97
1284,2330,78283.0,60.97
1285,2330,78344.0,60.97
1286,2330,78406.0,60.97
1287,2330,78467.0,60.97
1288,2330,78531.0,60.97
1289,2330,78592.0,60.97
1290,2330,78654.0,60.97
1291,2330,78715.0,60.97
1292,2330,78778.0,60.97
1293,2330,78839.0,60.97
1294,2330,78900.0,60.97
1295,2330,78961.0,60.97
1296,2330,79021.0,60.97
1297,2330,79082.0,60.97
1298,2330,79144.0,60.97
1299,2330,79205.0,60.97
1300,2330,79266.0,60.97
1301,2330,79328.0,60.97
1302,2330,79390.0,60.98
1303,2330,79452.0,60.98
1304,2330,79515.0,60.98
1305,2330,79575.0,60.98
1306,2330,79638.0,60.98
1307,2330,79698.0,60.98
1308,2330,79760.0,60.98
1309,2330,79821.0,60.98
1310,2330,79883.0,60.98
1311,2330,79943.0,60.98
1312,2330,80005.0,60.98
1313,2330,80065.0,60.98
1314,2330,80127.0,60.98
1315,2330,80187.0,60.98
1316,2330,80249.0,60.98
1317,2330,80310.0,60.98
1318,2330,80372.0,60.98
1319,2330,80434.0,60.98
1320,2330,80497.0,60.98
1321,2330,80558.0,60.98
1322,2330,80619.0,60.98
1323,2330,80680.0,60.98
1324,2330,80742.0,60.98
1325,2330,80802.0,60.98
1326,2330,80865.0,60.98
1327,2330,80925.0,60.98
1328,2330,80988.0,60.98
1329,2330,81048.0,60.98
1330,2330,81110.0,60.98
1331,2330,81170.0,60.98
1332,2330,81232.0,60.98
1333,2330,81292.0,60.98
1334,2330,81354.0,60.99
1335,2330,81415.0,60.98
1336,2330,81477.0,60.99
1337,2330,81538.0,60.99
1338,2330,81600.0,60.99
1339,2330,81661.0,60.99
1340,2330,81723.0,60.99
1341,2330,81783.0,60.99
1342,2330,81845.0,60.99
1343,2330,81905.0,60.99
1344,2330,81967.0,60.99
1345,2330,82028.0,60.99
1346,2330,82090.0,60.99
1347,2330,82150.0,60.99
1348,2330,82212.0,60.99
1349,2330,82273.0,60.99
1350,2330,82335.0,60.99
1351,2330,82396.0,60.99
1352,2330,82458.0,60.99
1353,2330,82519.0,60.99
1354,2330,82581.0,60.99
1355,2330,82643.0,60.99
1356,2330,82705.0,60.99
1357,2330,82765.0,60.99
1358,2330,82827.0,60.99
1359,2330,82888.0,60.99
1360,2330,82950.0,60.99
1361,2330,83011.0,60.99
1362,2330,83073.0,60.99
1363,2330,83134.0,60.99
1364,2330,83196.0,60.99
1365,2330,83257.0,60.99
1366,2330,83318.0,60.99
1367,2330,83379.0,60.99
1368,2330,83441.0,60.99
1369,2330,83502.0,60.99
1370,2330,83564.0,61.0
1371,2330,83624.0,61.0
1372,2330,83686.0,61.0
1373,2330,83747.0,61.0
1374,2330,83810.0,61.0
1375,2330,83870.0,61.0
1376,2330,83932.0,61.0
1377,2330,83993.0,61.0
1378,2330,84055.0,61.0
1379,2330,84116.0,61.0
1380,2330,84178.0,61.0
1381,2330,84238.0,61.0
1382,2330,84300.0,61.0
1383,2330,84360.0,61.0
1384,2330,84423.0,61.0
1385,2330,84483.0,61.0
1386,2330,84545.0,61.0
1387,2330,84606.0,61.0
1388,2330,84668.0,61.0
1389,2330,84729.0,61.0
1390,2330,84792.0,61.0
1391,2330,84852.0,61.0
1392,2330,84914.0,61.0
1393,2330,84975.0,61.0
1394,2330,85037.0,61.0
1395,2330,85098.0,61.0
1396,2330,85160.0,61.0
1397,2330,85220.0,61.0
1398,2330,85282.0,61.0
1399,2330,85343.0,61.0
1400,2330,85405.0,61.0
1401,2330,85465.0,61.0
1402,2330,85528.0,61.0
1403,2330,85588.0,61.0
1404,2330,85650.0,61.0
1405,2330,85711.0,61.0
1406,2330,85773.0,61.01
1407,2330,85834.0,61.0
1408,2330,85896.0,61.01
1409,2330,85956.0,61.01
1410,2330,86019.0,61.01
1411,2330,86079.0,61.01
1412,2330,86142.0,61.01
1413,2330,86203.0,61.01
1414,2330,86265.0,61.01
1415,2330,86325.0,61.01
1416,2330,86387.0,61.01
1417,2330,86447.0,61.01
1418,2330,86510.0,61.01
1419,2330,86571.0,61.01
1420,2330,86633.0,61.01
1421,2330,86694.0,61.01
1422,2330,86756.0,61.01
1423,2330,86817.0,61.01
1424,2330,86878.0,61.01
1425,2330,86939.0,61.01
1426,2330,87001.0,61.01
1427,2330,87062.0,61.01
1428,2330,87125.0,61.01
1429,2330,87185.0,61.01
1430,2330,87248.0,61.01
1431,2330,87309.0,61.01
1432,2330,87372.0,61.01
1433,2330,87431.0,61.01
1434,2330,87494.0,61.01
1435,2330,87554.0,61.01
1436,2330,87617.0,61.01
1437,2330,87677.0,61.01
1438,2330,87739.0,61.01
1439,2330,87800.0,61.01
1440,2330,87862.0,61.02
1441,2330,87923.0,61.02
1442,2330,87985.0,61.02
1443,2330,88045.0,61.02
1444,2330,88107.0,61.02
1445,2330,88168.0,61.02
1446,2330,88230.0,61.02
1447,2330,88292.0,61.02
1448,2330,88354.0,61.02
1449,2330,88415.0,61.02
1450,2330,88477.0,61.02
1451,2330,88537.0,61.02
1452,2330,88599.0,61.02
1453,2330,88660.0,61.02
1454,2330,88722.0,61.02
1455,2330,88782.0,61.02
1456,2330,88844.0,61.02
1457,2330,88905.0,61.02
1458,2330,88967.0,61.02
1459,2330,89028.0,61.02
1460,2330,89090.0,61.02
1461,2330,89151.0,61.02
1462,2330,89214.0,61.02
1463,2330,89275.0,61.02
1464,2330,89337.0,61.02
1465,2330,89398.0,61.02
1466,2330,89460.0,61.02
1467,2330,89520.0,61.02
1468,2330,89582.0,61.02
1469,2330,89642.0,61.02
1470,2330,89705.0,61.02
1471,2330,89765.0,61.02
1472,2330,89827.0,61.02
1473,2330,89887.0,61.02
1474,2330,89949.0,61.02
1475,2330,90010.0,61.02
1476,2330,90073.0,61.02
1477,2330,90134.0,61.02
1478,2330,90196.0,61.03
1479,2330,90256.0,61.03
1480,2330,90319.0,61.03
1481,2330,90379.0,61.03
1482,2330,90442.0,61.03
1483,2330,90503.0,61.03
1484,2330,90565.0,61.03
1485,2330,90625.0,61.03
1486,2330,90688.0,61.03
1487,2330,90748.0,61.03
1488,2330,90810.0,61.03
1489,2330,90871.0,61.03
1490,2330,90933.0,61.03
1491,2330,90993.0,61.03
1492,2330,91055.0,61.03
1493,2330,91116.0,61.03
1494,2330,91179.0,61.03
1495,2330,91239.0,61.03
1496,2330,91302.0,61.03
1497,2330,91362.0,61.03
1498,2330,91424.0,61.03
1499,2330,91485.0,61.03
1500,2330,91547.0,61.03
1501,2330,91628.0,61.04
1502,2330,91673.0,61.03
1503,2330,91736.0,61.04
1504,2330,91798.0,61.04
1505,2330,91858.0,61.04
1506,2330,91920.0,61.04
1507,2330,91980.0,61.03
1508,2330,92042.0,61.04
1509,2330,92102.0,61.04
1510,2330,92164.0,61.04
1511,2330,92226.0,61.04
1512,2330,92288.0,61.04
1513,2330,92349.0,61.04
1514,2330,92410.0,61.04
1515,2330,92470.0,61.04
1516,2330,92533.0,61.04
1517,2330,92594.0,61.04
1518,2330,92657.0,61.04
1519,2330,92719.0,61.04
1520,2330,92781.0,61.04
1521,2330,92843.0,61.04
1522,2330,92905.0,61.04
1523,2330,92966.0,61.04
1524,2330,93029.0,61.04
1525,2330,93089.0,61.04
1526,2330,93151.0,61.04
1527,2330,93212.0,61.04
1528,2330,93274.0,61.04
1529,2330,93334.0,61.04
1530,2330,93397.0,61.04
1531,2330,93458.0,61.04
1532,2330,93520.0,61.04
1533,2330,93582.0,61.05
1534,2330,93645.0,61.05
1535,2330,93707.0,61.05
1536,2330,93770.0,61.05
1537,2330,93832.0,61.05
1538,2330,93895.0,61.05
1539,2330,93956.0,61.05
1540,2330,94018.0,61.05
1541,2330,94079.0,61.05
1542,2330,94141.0,61.05
1543,2330,94202.0,61.05
1544,2330,94266.0,61.05
1545,2330,94328.0,61.05
1546,2330,94391.0,61.05
1547,2330,94451.0,61.05
1548,2330,94514.0,61.06
1549,2330,94576.0,61.06
1550,2330,94639.0,61.06
1551,2330,94699.0,61.06
1552,2330,94763.0,61.06
1553,2330,94824.0,61.06
1554,2330,94887.0,61.06
1555,2330,94948.0,61.06
1556,2330,95011.0,61.06
1557,2330,95073.0,61.06
1558,2330,95137.0,61.06
1559,2330,95197.0,61.06
1560,2330,95260.0,61.06
1561,2330,95320.0,61.06
1562,2330,95383.0,61.06
1563,2330,95444.0,61.06
1564,2330,95507.0,61.07
1565,2330,95568.0,61.07
1566,2330,95630.0,61.07
1567,2330,95692.0,61.07
1568,2330,95755.0,61.07
1569,2330,95816.0,61.07
1570,2330,95879.0,61.07
1571,2330,95940.0,61.07
1572,2330,96003.0,61.07
1573,2330,96065.0,61.07
1574,2330,96128.0,61.07
1575,2330,96190.0,61.07
1576,2330,96252.0,61.07
1577,2330,96313.0,61.07
1578,2330,96377.0,61.08
1579,2330,96438.0,61.08
1580,2330,96500.0,61.08
1581,2330,96561.0,61.08
1582,2330,96625.0,61.08
1583,2330,96687.0,61.08
1584,2330,96751.0,61.08
1585,2330,96811.0,61.08
1586,2330,96874.0,61.08
1587,2330,96934.0,61.08
1588,2330,96998.0,61.08
1589,2330,97059.0,61.08
1590,2330,97121.0,61.08
1591,2330,97182.0,61.08
1592,2330,97247.0,61.08
1593,2330,97307.0,61.08
1594,2330,97370.0,61.09
1595,2330,97431.0,61.09
1596,2330,97494.0,61.09
1597,2330,97555.0,61.09
1598,2330,97618.0,61.09
1599,2330,97680.0,61.09
1600,2330,97742.0,61.09
1601,2330,97803.0,61.09
1602,2330,97865.0,61.09
1603,2330,97926.0,61.09
1604,2330,97990.0,61.09
1605,2330,98051.0,61.09
1606,2330,98113.0,61.09
1607,2330,98175.0,61.09
1608,2330,98238.0,61.09
1609,2330,98298.0,61.09
1610,2330,98361.0,61.09
1611,2330,98421.0,61.09
1612,2330,98484.0,61.09
1613,2330,98545.0,61.09
1614,2330,98609.0,61.1
1615,2330,98670.0,61.1
1616,2330,98733.0,61.1
1617,2330,98794.0,61.1
1618,2330,98856.0,61.1
1619,2330,98917.0,61.1
1620,2330,98980.0,61.1
1621,2330,99040.0,61.1
1622,2330,99103.0,61.1
1623,2330,99164.0,61.1
1624,2330,99227.0,61.1
1625,2330,99289.0,61.1
1626,2330,99352.0,61.1
1627,2330,99413.0,61.1
1628,2330,99477.0,61.1
1629,2330,99538.0,61.1
1630,2330,99600.0,61.1
1631,2330,99661.0,61.1
1632,2330,99724.0,61.11
1633,2330,99785.0,61.11
1634,2330,99848.0,61.11
1635,2330,99909.0,61.11
1636,2330,99972.0,61.11
1637,2330,100033.0,61.11
1638,2330,100097.0,61.11
1639,2330,100158.0,61.11
1640,2330,100220.0,61.11
1641,2330,100282.0,61.11
1642,2330,100344.0,61.11
1643,2330,100406.0,61.11
1644,2330,100469.0,61.11
1645,2330,100530.0,61.11
1646,2330,100593.0,61.11
1647,2330,100654.0,61.11
1648,2330,100717.0,61.11
1649,2330,100778.0,61.11
1650,2330,100841.0,61.12
1651,2330,100901.0,61.12
1652,2330,100965.0,61.12
1653,2330,101026.0,61.12
1654,2330,101090.0,61.12
1655,2330,101151.0,61.12
1656,2330,101214.0,61.12
1657,2330,101276.0,61.12
1658,2330,101338.0,61.12
1659,2330,101399.0,61.12
1660,2330,101461.0,61.12
1661,2330,101522.0,61.12
1662,2330,101585.0,61.12
1663,2330,101647.0,61.12
1664,2330,101709.0,61.12
1665,2330,101771.0,61.12
1666,2330,101834.0,61.12
1667,2330,101896.0,61.13
1668,2330,101958.0,61.13
1669,2330,102019.0,61.13
1670,2330,102082.0,61.13
1671,2330,102143.0,61.13
1672,2330,102206.0,61.13
1673,2330,102268.0,61.13
1674,2330,102331.0,61.13
1675,2330,102392.0,61.13
1676,2330,102455.0,61.13
1677,2330,102516.0,61.13
1678,2330,102579.0,61.13
1679,2330,102640.0,61.13
1680,2330,102703.0,61.13
1681,2330,102763.0,61.13
1682,2330,102827.0,61.13
1683,2330,102888.0,61.13
1684,2330,102951.0,61.13
1685,2330,103013.0,61.14
1686,2330,103076.0,61.14
1687,2330,103137.0,61.14
1688,2330,103199.0,61.14
1689,2330,103261.0,61.14
1690,2330,103325.0,61.14
1691,2330,103386.0,61.14
1692,2330,103449.0,61.14
1693,2330,103510.0,61.14
1694,2330,103574.0,61.14
1695,2330,103634.0,61.14
1696,2330,103697.0,61.14
1697,2330,103758.0,61.14
1698,2330,103820.0,61.14
1699,2330,103882.0,61.14
1700,2330,103945.0,61.14
1701,2330,104007.0,61.14
1702,2330,104069.0,61.15
1703,2330,104131.0,61.15
1704,2330,104193.0,61.15
1705,2330,104255.0,61.15
1706,2330,104318.0,61.15
1707,2330,104379.0,61.15
1708,2330,104442.0,61.15
1709,2330,104504.0,61.15
1710,2330,104567.0,61.15
1711,2330,104628.0,61.15
1712,2330,104691.0,61.15
1713,2330,104752.0,61.15
1714,2330,104816.0,61.15
1715,2330,104878.0,61.15
1716,2330,104940.0,61.15
1717,2330,105001.0,61.15
1718,2330,105063.0,61.15
1719,2330,105125.0,61.15
1720,2330,105188.0,61.16
1721,2330,105250.0,61.16
1722,2330,105313.0,61.16
1723,2330,105374.0,61.16
1724,2330,105438.0,61.16
1725,2330,105498.0,61.16
1726,2330,105561.0,61.16
1727,2330,105622.0,61.16
1728,2330,105686.0,61.16
1729,2330,105747.0,61.16
1730,2330,105810.0,61.16
1731,2330,105871.0,61.16
1732,2330,105934.0,61.16
1733,2330,105996.0,61.16
1734,2330,106058.0,61.16
1735,2330,106119.0,61.16
1736,2330,106182.0,61.16
1737,2330,106243.0,61.16
1738,2330,106306.0,61.17
1739,2330,106367.0,61.17
1740,2330,106430.0,61.17
1741,2330,106492.0,61.17
1742,2330,106554.0,61.17
1743,2330,106616.0,61.17
1744,2330,106679.0,61.17
1745,2330,106739.0,61.17
1746,2330,106802.0,61.17
1747,2330,106863.0,61.17
1748,2330,106926.0,61.17
1749,2330,106987.0,61.17
1750,2330,107050.0,61.17
1751,2330,107133.0,61.18
1752,2330,107177.0,61.17
1753,2330,107244.0,61.18
1754,2330,107309.0,61.18
1755,2330,107370.0,61.18
1756,2330,107432.0,61.18
1757,2330,107493.0,61.18
1758,2330,107554.0,61.18
1759,2330,107614.0,61.18
1760,2330,107676.0,61.18
1761,2330,107736.0,61.18
1762,2330,107799.0,61.18
1763,2330,107859.0,61.18
1764,2330,107921.0,61.18
1765,2330,107981.0,61.18
1766,2330,108046.0,61.18
1767,2330,108111.0,61.18
1768,2330,108175.0,61.18
1769,2330,108236.0,61.18
1770,2330,108299.0,61.19
1771,2330,108361.0,61.19
1772,2330,108424.0,61.19
1773,2330,108485.0,61.19
1774,2330,108547.0,61.19
1775,2330,108608.0,61.19
1776,2330,108671.0,61.19
1777,2330,108731.0,61.19
1778,2330,108793.0,61.19
1779,2330,108853.0,61.19
1780,2330,108916.0,61.19
1781,2330,108977.0,61.19
1782,2330,109041.0,61.19
1783,2330,109104.0,61.19
1784,2330,109166.0,61.19
1785,2330,109228.0,61.19
1786,2330,109291.0,61.19
1787,2330,109352.0,61.19
1788,2330,109415.0,61.19
1789,2330,109477.0,61.19
1790,2330,109540.0,61.2
1791,2330,109602.0,61.2
1792,2330,109664.0,61.2
1793,2330,109725.0,61.2
1794,2330,109788.0,61.2
1795,2330,109849.0,61.2
1796,2330,109911.0,61.2
1797,2330,109971.0,61.2
1798,2330,110034.0,61.2
1799,2330,110094.0,61.2
1800,2330,110157.0,61.2
1801,2330,110219.0,61.2
1802,2330,110282.0,61.2
1803,2330,110343.0,61.2
1804,2330,110406.0,61.2
1805,2330,110467.0,61.2
1806,2330,110530.0,61.2
1807,2330,110591.0,61.2
1808,2330,110654.0,61.2
1809,2330,110715.0,61.2
1810,2330,110777.0,61.2
1811,2330,110838.0,61.2
1812,2330,110901.0,61.2
1813,2330,110962.0,61.2
1814,2330,111025.0,61.2
1815,2330,111087.0,61.21
1816,2330,111151.0,61.21
1817,2330,111211.0,61.21
1818,2330,111273.0,61.21
1819,2330,111334.0,61.21
1820,2330,111397.0,61.21
1821,2330,111458.0,61.21
1822,2330,111521.0,61.21
1823,2330,111583.0,61.21
1824,2330,111645.0,61.21
1825,2330,111706.0,61.21
1826,2330,111769.0,61.21
1827,2330,111830.0,61.21
1828,2330,111893.0,61.21
1829,2330,111953.0,61.21
1830,2330,112015.0,61.21
1831,2330,112076.0,61.21
1832,2330,112139.0,61.21
1833,2330,112200.0,61.21
1834,2330,112263.0,61.21
1835,2330,112325.0,61.21
1836,2330,112387.0,61.21
1837,2330,112447.0,61.21
1838,2330,112510.0,61.21
1839,2330,112571.0,61.21
1840,2330,112633.0,61.21
1841,2330,112695.0,61.21
1842,2330,112757.0,61.21
1843,2330,112819.0,61.21
1844,2330,112881.0,61.22
1845,2330,112943.0,61.22
1846,2330,113006.0,61.22
1847,2330,113066.0,61.22
1848,2330,113129.0,61.22
1849,2330,113190.0,61.22
1850,2330,113253.0,61.22
1851,2330,113314.0,61.22
1852,2330,113376.0,61.22
1853,2330,113438.0,61.22
1854,2330,113501.0,61.22
1855,2330,113562.0,61.22
1856,2330,113625.0,61.22
1857,2330,113686.0,61.22
1858,2330,113749.0,61.22
1859,2330,113810.0,61.22
1860,2330,113872.0,61.22
1861,2330,113934.0,61.22
1862,2330,113997.0,61.22
1863,2330,114057.0,61.22
1864,2330,114120.0,61.22
1865,2330,114181.0,61.22
1866,2330,114243.0,61.22
1867,2330,114305.0,61.22
1868,2330,114368.0,61.22
1869,2330,114429.0,61.22
1870,2330,114491.0,61.23
1871,2330,114552.0,61.23
1872,2330,114614.0,61.23
1873,2330,114675.0,61.23
1874,2330,114738.0,61.23
1875,2330,114800.0,61.23
1876,2330,114862.0,61.23
1877,2330,114923.0,61.23
1878,2330,114987.0,61.23
1879,2330,115048.0,61.23
1880,2330,115110.0,61.23
1881,2330,115171.0,61.23
1882,2330,115233.0,61.23
1883,2330,115294.0,61.23
1884,2330,115357.0,61.23
1885,2330,115419.0,61.23
1886,2330,115481.0,61.23
1887,2330,115543.0,61.23
1888,2330,115605.0,61.23
1889,2330,115667.0,61.23
1890,2330,115730.0,61.23
1891,2330,115791.0,61.23
1892,2330,115853.0,61.23
1893,2330,115914.0,61.23
1894,2330,115977.0,61.23
1895,2330,116038.0,61.23
1896,2330,116102.0,61.23
1897,2330,116162.0,61.23
1898,2330,116225.0,61.24
1899,2330,116286.0,61.24
1900,2330,116349.0,61.24
1901,2330,116412.0,61.24
1902,2330,116473.0,61.24
1903,2330,116535.0,61.24
1904,2330,116597.0,61.24
1905,2330,116658.0,61.24
1906,2330,116721.0,61.24
1907,2330,116782.0,61.24
1908,2330,116846.0,61.24
1909,2330,116907.0,61.24
1910,2330,116969.0,61.24
1911,2330,117031.0,61.24
1912,2330,117093.0,61.24
1913,2330,117154.0,61.24
1914,2330,117217.0,61.24
1915,2330,117277.0,61.24
1916,2330,117341.0,61.24
1917,2330,117402.0,61.24
1918,2330,117465.0,61.24
1919,2330,117526.0,61.24
1920,2330,117589.0,61.24
1921,2330,117651.0,61.24
1922,2330,117714.0,61.25
1923,2330,117774.0,61.24
1924,2330,117837.0,61.25
1925,2330,117899.0,61.25
1926,2330,117962.0,61.25
1927,2330,118024.0,61.25
1928,2330,118087.0,61.25
1929,2330,118149.0,61.25
1930,2330,118212.0,61.25
1931,2330,118272.0,61.25
1932,2330,118335.0,61.25
1933,2330,118396.0,61.25
1934,2330,118460.0,61.25
1935,2330,118521.0,61.25
1936,2330,118584.0,61.25
1937,2330,118646.0,61.25
1938,2330,118708.0,61.25
1939,2330,118770.0,61.25
1940,2330,118832.0,61.25
1941,2330,118893.0,61.25
1942,2330,118956.0,61.25
1943,2330,119018.0,61.25
1944,2330,119080.0,61.26
1945,2330,119142.0,61.26
1946,2330,119204.0,61.26
1947,2330,119265.0,61.26
1948,2330,119328.0,61.26
1949,2330,119389.0,61.26
1950,2330,119452.0,61.26
1951,2330,119512.0,61.26
1952,2330,119575.0,61.26
1953,2330,119636.0,61.26
1954,2330,119699.0,61.26
1955,2330,119761.0,61.26
1956,2330,119824.0,61.26
1957,2330,119885.0,61.26
1958,2330,119948.0,61.26
1959,2330,120009.0,61.26
1960,2330,120072.0,61.26
1961,2330,120132.0,61.26
1962,2330,120194.0,61.26
1963,2330,120255.0,61.26
1964,2330,120318.0,61.26
1965,2330,120380.0,61.26
1966,2330,120443.0,61.26
1967,2330,120504.0,61.26
1968,2330,120567.0,61.26
1969,2330,120628.0,61.26
1970,2330,120691.0,61.26
1971,2330,120752.0,61.26
1972,2330,120815.0,61.27
1973,2330,120876.0,61.27
1974,2330,120939.0,61.27
1975,2330,121000.0,61.27
1976,2330,121063.0,61.27
1977,2330,121124.0,61.27
1978,2330,121188.0,61.27
1979,2330,121249.0,61.27
1980,2330,121311.0,61.27
1981,2330,121372.0,61.27
1982,2330,121434.0,61.27
1983,2330,121495.0,61.27
1984,2330,121558.0,61.27
1985,2330,121620.0,61.27
1986,2330,121683.0,61.27
1987,2330,121744.0,61.27
1988,2330,121807.0,61.27
1989,2330,121868.0,61.27
1990,2330,121931.0,61.27
1991,2330,121991.0,61.27
1992,2330,122054.0,61.27
1993,2330,122114.0,61.27
1994,2330,122177.0,61.27
1995,2330,122239.0,61.27
1996,2330,122302.0,61.27
1997,2330,122363.0,61.27
1998,2330,122426.0,61.27
1999,2330,122488.0,61.27
2000,2330,122550.0,61.28
2001,2330,122633.0,61.29
2002,2330,122678.0,61.28
2003,2330,122741.0,61.28
2004,2330,122805.0,61.28
2005,2330,122866.0,61.28
2006,2330,122928.0,61.28
2007,2330,122989.0,61.28
2008,2330,123051.0,61.28
2009,2330,123111.0,61.28
2010,2330,123173.0,61.28
2011,2330,123234.0,61.28
2012,2330,123296.0,61.28
2013,2330,123356.0,61.28
2014,2330,123419.0,61.28
2015,2330,123480.0,61.28
2016,2330,123543.0,61.28
2017,2330,123605.0,61.28
2018,2330,123670.0,61.28
2019,2330,123732.0,61.28
2020,2330,123796.0,61.29
2021,2330,123858.0,61.29
2022,2330,123921.0,61.29
2023,2330,123983.0,61.29
2024,2330,124045.0,61.29
2025,2330,124106.0,61.29
2026,2330,124167.0,61.29
2027,2330,124228.0,61.29
2028,2330,124290.0,61.29
2029,2330,124351.0,61.29
2030,2330,124414.0,61.29
2031,2330,124475.0,61.29
2032,2330,124538.0,61.29
2033,2330,124599.0,61.29
2034,2330,124662.0,61.29
2035,2330,124724.0,61.29
2036,2330,124787.0,61.29
2037,2330,124849.0,61.29
2038,2330,124912.0,61.29
2039,2330,124973.0,61.29
2040,2330,125037.0,61.29
2041,2330,125098.0,61.29
2042,2330,125161.0,61.29
2043,2330,125222.0,61.29
2044,2330,125284.0,61.29
2045,2330,125345.0,61.29
2046,2330,125407.0,61.29
2047,2330,125468.0,61.29
2048,2330,125532.0,61.29
2049,2330,125593.0,61.29
2050,2330,125656.0,61.3
2051,2330,125718.0,61.3
2052,2330,125782.0,61.3
2053,2330,125842.0,61.3
2054,2330,125905.0,61.3
2055,2330,125966.0,61.3
2056,2330,126028.0,61.3
2057,2330,126089.0,61.3
2058,2330,126152.0,61.3
2059,2330,126213.0,61.3
2060,2330,126276.0,61.3
2061,2330,126337.0,61.3
2062,2330,126399.0,61.3
2063,2330,126461.0,61.3
2064,2330,126523.0,61.3
2065,2330,126585.0,61.3
2066,2330,126648.0,61.3
2067,2330,126709.0,61.3
2068,2330,126772.0,61.3
2069,2330,126833.0,61.3
2070,2330,126896.0,61.3
2071,2330,126957.0,61.3
2072,2330,127021.0,61.3
2073,2330,127081.0,61.3
2074,2330,127144.0,61.3
2075,2330,127204.0,61.3
2076,2330,127267.0,61.3
2077,2330,127328.0,61.3
2078,2330,127391.0,61.3
2079,2330,127452.0,61.3
2080,2330,127515.0,61.31
2081,2330,127576.0,61.3
2082,2330,127639.0,61.31
2083,2330,127700.0,61.31
2084,2330,127762.0,61.31
2085,2330,127824.0,61.31
2086,2330,127886.0,61.31
2087,2330,127948.0,61.31
2088,2330,128011.0,61.31
2089,2330,128071.0,61.31
2090,2330,128134.0,61.31
2091,2330,128195.0,61.31
2092,2330,128258.0,61.31
2093,2330,128320.0,61.31
2094,2330,128384.0,61.31
2095,2330,128445.0,61.31
2096,2330,128507.0,61.31
2097,2330,128567.0,61.31
2098,2330,128631.0,61.31
2099,2330,128693.0,61.31
2100,2330,128755.0,61.31
2101,2330,128816.0,61.31
2102,2330,128880.0,61.31
2103,2330,128941.0,61.31
2104,2330,129004.0,61.31
2105,2330,129063.0,61.31
2106,2330,129126.0,61.31
2107,2330,129187.0,61.31
2108,2330,129249.0,61.31
2109,2330,129310.0,61.31
2110,2330,129373.0,61.31
2111,2330,129434.0,61.31
2112,2330,129497.0,61.31
2113,2330,129559.0,61.31
2114,2330,129621.0,61.32
2115,2330,129682.0,61.32
2116,2330,129744.0,61.32
2117,2330,129805.0,61.32
2118,2330,129868.0,61.32
2119,2330,129929.0,61.32
2120,2330,129992.0,61.32
2121,2330,130054.0,61.32
2122,2330,130116.0,61.32
2123,2330,130177.0,61.32
2124,2330,130240.0,61.32
2125,2330,130301.0,61.32
2126,2330,130364.0,61.32
2127,2330,130425.0,61.32
2128,2330,130488.0,61.32
2129,2330,130549.0,61.32
2130,2330,130612.0,61.32
2131,2330,130673.0,61.32
2132,2330,130736.0,61.32
2133,2330,130798.0,61.32
2134,2330,130861.0,61.32
2135,2330,130923.0,61.32
2136,2330,130985.0,61.32
2137,2330,131047.0,61.32
2138,2330,131109.0,61.32
2139,2330,131169.0,61.32
2140,2330,131232.0,61.32
2141,2330,131294.0,61.32
2142,2330,131357.0,61.32
2143,2330,131418.0,61.32
2144,2330,131481.0,61.33
2145,2330,131543.0,61.33
2146,2330,131606.0,61.33
2147,2330,131667.0,61.33
2148,2330,131730.0,61.33
2149,2330,131791.0,61.33
2150,2330,131854.0,61.33
2151,2330,131915.0,61.33
2152,2330,131979.0,61.33
2153,2330,132040.0,61.33
2154,2330,132103.0,61.33
2155,2330,132164.0,61.33
2156,2330,132226.0,61.33
2157,2330,132287.0,61.33
2158,2330,132350.0,61.33
2159,2330,132412.0,61.33
2160,2330,132475.0,61.33
2161,2330,132536.0,61.33
2162,2330,132599.0,61.33
2163,2330,132661.0,61.33
2164,2330,132724.0,61.33
2165,2330,132785.0,61.33
2166,2330,132847.0,61.33
2167,2330,132908.0,61.33
2168,2330,132972.0,61.33
2169,2330,133033.0,61.33
2170,2330,133096.0,61.33
2171,2330,133157.0,61.33
2172,2330,133220.0,61.34
2173,2330,133282.0,61.34
2174,2330,133344.0,61.34
2175,2330,133405.0,61.34
2176,2330,133467.0,61.34
2177,2330,133528.0,61.34
2178,2330,133592.0,61.34
2179,2330,133654.0,61.34
2180,2330,133716.0,61.34
2181,2330,133778.0,61.34
2182,2330,133840.0,61.34
2183,2330,133901.0,61.34
2184,2330,133965.0,61.34
2185,2330,134026.0,61.34
2186,2330,134088.0,61.34
2187,2330,134151.0,61.34
2188,2330,134213.0,61.34
2189,2330,134275.0,61.34
2190,2330,134338.0,61.34
2191,2330,134399.0,61.34
2192,2330,134463.0,61.34
2193,2330,134524.0,61.34
2194,2330,134587.0,61.34
2195,2330,134648.0,61.34
2196,2330,134710.0,61.34
2197,2330,134771.0,61.34
2198,2330,134834.0,61.34
2199,2330,134896.0,61.34
2200,2330,134959.0,61.34
2201,2330,135021.0,61.35
2202,2330,135083.0,61.35
2203,2330,135144.0,61.35
2204,2330,135206.0,61.35
2205,2330,135268.0,61.35
2206,2330,135331.0,61.35
2207,2330,135392.0,61.35
2208,2330,135456.0,61.35
2209,2330,135517.0,61.35
2210,2330,135581.0,61.35
2211,2330,135642.0,61.35
2212,2330,135704.0,61.35
2213,2330,135765.0,61.35
2214,2330,135828.0,61.35
2215,2330,135890.0,61.35
2216,2330,135953.0,61.35
2217,2330,136014.0,61.35
2218,2330,136076.0,61.35
2219,2330,136137.0,61.35
2220,2330,136200.0,61.35
2221,2330,136261.0,61.35
2222,2330,136324.0,61.35
2223,2330,136384.0,61.35
2224,2330,136447.0,61.35
2225,2330,136507.0,61.35
2226,2330,136570.0,61.35
2227,2330,136632.0,61.35
2228,2330,136694.0,61.35
2229,2330,136756.0,61.35
2230,2330,136818.0,61.35
2231,2330,136880.0,61.35
2232,2330,136943.0,61.35
2233,2330,137003.0,61.35
2234,2330,137065.0,61.35
2235,2330,137126.0,61.35
2236,2330,137189.0,61.35
2237,2330,137250.0,61.35
2238,2330,137313.0,61.36
2239,2330,137375.0,61.36
2240,2330,137438.0,61.36
2241,2330,137498.0,61.36
2242,2330,137562.0,61.36
2243,2330,137623.0,61.36
2244,2330,137686.0,61.36
2245,2330,137747.0,61.36
2246,2330,137810.0,61.36
2247,2330,137871.0,61.36
2248,2330,137934.0,61.36
2249,2330,137995.0,61.36
2250,2330,138058.0,61.36
2251,2330,138140.0,61.37
2252,2330,138184.0,61.36
2253,2330,138248.0,61.36
2254,2330,138312.0,61.36
2255,2330,138373.0,61.36
2256,2330,138434.0,61.36
2257,2330,138495.0,61.36
2258,2330,138557.0,61.36
2259,2330,138617.0,61.36
2260,2330,138679.0,61.36
2261,2330,138740.0,61.36
2262,2330,138803.0,61.36
2263,2330,138863.0,61.36
2264,2330,138926.0,61.36
2265,2330,138987.0,61.36
2266,2330,139050.0,61.36
2267,2330,139113.0,61.36
2268,2330,139176.0,61.37
2269,2330,139239.0,61.37
2270,2330,139303.0,61.37
2271,2330,139364.0,61.37
2272,2330,139427.0,61.37
2273,2330,139489.0,61.37
2274,2330,139552.0,61.37
2275,2330,139613.0,61.37
2276,2330,139674.0,61.37
2277,2330,139734.0,61.37
2278,2330,139797.0,61.37
2279,2330,139859.0,61.37
2280,2330,139922.0,61.37
2281,2330,139984.0,61.37
2282,2330,140046.0,61.37
2283,2330,140108.0,61.37
2284,2330,140171.0,61.37
2285,2330,140232.0,61.37
2286,2330,140295.0,61.37
2287,2330,140357.0,61.37
2288,2330,140420.0,61.37
2289,2330,140482.0,61.37
2290,2330,140544.0,61.37
2291,2330,140606.0,61.37
2292,2330,140668.0,61.37
2293,2330,140730.0,61.37
2294,2330,140792.0,61.37
2295,2330,140852.0,61.37
2296,2330,140915.0,61.37
2297,2330,140976.0,61.37
2298,2330,141039.0,61.37
2299,2330,141100.0,61.37
2300,2330,141163.0,61.38
2301,2330,141225.0,61.38
2302,2330,141289.0,61.38
2303,2330,141349.0,61.38
2304,2330,141412.0,61.38
2305,2330,141473.0,61.38
2306,2330,141536.0,61.38
2307,2330,141596.0,61.38
2308,2330,141660.0,61.38
2309,2330,141722.0,61.38
2310,2330,141784.0,61.38
2311,2330,141845.0,61.38
2312,2330,141908.0,61.38
2313,2330,141968.0,61.38
2314,2330,142030.0,61.38
2315,2330,142091.0,61.38
2316,2330,142154.0,61.38
2317,2330,142215.0,61.38
2318,2330,142278.0,61.38
2319,2330,142339.0,61.38
2320,2330,142402.0,61.38
2321,2330,142463.0,61.38
2322,2330,142526.0,61.38
2323,2330,142587.0,61.38
2324,2330,142650.0,61.38
2325,2330,142711.0,61.38
2326,2330,142773.0,61.38
2327,2330,142834.0,61.38
2328,2330,142896.0,61.38
2329,2330,142958.0,61.38
2330,2330,143021.0,61.38
