step,train_loss,val_loss,train_acc,val_acc,weight_norm
0,0.010309583868733947,0.010309227263320031,0.01211734693877551,0.009989373007438894,0.9988680544189005
1,0.010306486416953219,0.010306527933601154,0.01211734693877551,0.010626992561105207,0.9988416526814309
2,0.010303462936965319,0.010303903094897605,0.01211734693877551,0.010414452709883103,0.9990051834432122
3,0.01030050914830484,0.010301345792931476,0.01211734693877551,0.009989373007438894,0.9993518462567145
4,0.010297617025099142,0.010298852416827693,0.012542517006802721,0.009989373007438894,0.9998746806638774
5,0.010294782286882818,0.010296416279780571,0.012755102040816327,0.009989373007438894,1.0005676862698216
6,0.010291999850603197,0.010294034840803955,0.013605442176870748,0.010201912858660999,1.0014248626796678
7,0.0102892658370885,0.010291704355286655,0.014243197278911565,0.00977683315621679,1.0024404495143313
8,0.010286576099637866,0.010289420142464695,0.014243197278911565,0.00977683315621679,1.0036088464052584
9,0.010283927294137693,0.010287179928824143,0.01488095238095238,0.009351753453772583,1.00492485301022
10,0.01028131661153256,0.010284981708323291,0.015731292517006803,0.008926673751328374,1.0063834289975173
11,0.01027874151029613,0.010282822538767639,0.01636904761904762,0.00871413390010627,1.0079795340354516
12,0.010276198780079343,0.010280700280379368,0.017006802721088437,0.008501594048884165,1.0097083678081196
13,0.010273686414414045,0.010278614933158476,0.018282312925170068,0.007863974495217854,1.0115652100048824
14,0.010271203209419339,0.010276562217549327,0.01870748299319728,0.006376195536663124,1.013545580330897
15,0.01026874876380159,0.010274543738385286,0.0195578231292517,0.0061636556854410204,1.0156446784702595
16,0.01026631906462448,0.01027255548358294,0.019982993197278913,0.005526036131774708,1.0178582641439222
17,0.010263915182004361,0.010270600261600676,0.021045918367346938,0.005313496280552604,1.0201817770517765
18,0.010261534574414899,0.0102686741940912,0.022321428571428572,0.005526036131774708,1.022610896909509
19,0.010259178311972442,0.010266778484679533,0.02295918367346939,0.005313496280552604,1.0251412234275417
20,0.010256844789502463,0.010264912999629562,0.02465986394557823,0.005526036131774708,1.0277684363215611
21,0.010254533605711333,0.010263076535316263,0.02614795918367347,0.005526036131774708,1.0304882153072543
22,0.010252244894363593,0.010261271632725796,0.026360544217687076,0.005951115834218916,1.033296240100308
23,0.010249979993104685,0.010259495349663661,0.027210884353741496,0.005738575982996812,1.036188190416409
24,0.010247736761701902,0.010257750093379904,0.02848639455782313,0.005100956429330499,1.039159665965979
25,0.0102455162702716,0.01025603385783282,0.02976190476190476,0.004888416578108395,1.042206506475235
26,0.010243319588930128,0.010254350253897477,0.030612244897959183,0.005100956429330499,1.0453241516440683
27,0.010241146985206574,0.010252698345421082,0.032525510204081634,0.005100956429330499,1.0485083611934314
28,0.010238998191571853,0.010251078934820313,0.03380102040816327,0.005313496280552604,1.0517548148390103
29,0.010236874545671402,0.010249492423303516,0.034651360544217684,0.005100956429330499,1.0550591922964925
30,0.010234777251386117,0.01024794001449571,0.03592687074829932,0.005313496280552604,1.058417013271034
31,0.010232705907422368,0.010246422778285809,0.036139455782312924,0.005313496280552604,1.061823877473057
32,0.010230662520248313,0.010244939912257127,0.03741496598639456,0.005100956429330499,1.0652754646182485
33,0.010228647089863954,0.010243494358604166,0.03869047619047619,0.004675876726886291,1.0687675344275598
34,0.010226660820150184,0.0102420858498547,0.039540816326530615,0.004675876726886291,1.0722956066061478
35,0.010224704379929726,0.01024071585710598,0.039540816326530615,0.004675876726886291,1.0758553608696992
36,0.01022277950814165,0.0102393853165108,0.04060374149659864,0.004463336875664187,1.0794425569391661
37,0.010220885535963238,0.010238094094333046,0.041666666666666664,0.004038257173219979,1.0830528745302352
38,0.010219024603627192,0.010236844464086655,0.04272959183673469,0.004038257173219979,1.0866822333743884
39,0.01021719764748532,0.01023563495467437,0.04400510204081633,0.004038257173219979,1.0903263931925775
40,0.01021540426624399,0.010234468374554584,0.04443027210884354,0.0038257173219978747,1.0939811937110198
41,0.010213645931313187,0.01023334418878284,0.04485544217687075,0.0036131774707757703,1.0976427146717267
42,0.01021192331151563,0.010232263066039707,0.04570578231292517,0.0034006376195536664,1.1013070358167107
43,0.010210236941909496,0.010231225541269639,0.04634353741496599,0.0034006376195536664,1.1049703168932492
44,0.010208587892611136,0.01023023281809766,0.04740646258503401,0.0034006376195536664,1.108628797653884
45,0.010206974023387846,0.010229282489273721,0.047619047619047616,0.0036131774707757703,1.1122789578669525
46,0.010205399213411404,0.010228378299409011,0.04804421768707483,0.0038257173219978747,1.1159171972955273
47,0.010203861456213647,0.010227517707517364,0.048681972789115645,0.0036131774707757703,1.119540315729006
48,0.010202361153088209,0.010226701917223809,0.04931972789115646,0.0038257173219978747,1.123145032951521
49,0.010200898839093265,0.010225929992375545,0.04953231292517007,0.0036131774707757703,1.1267283087629998
50,0.01019947397917064,0.010225202601653141,0.04995748299319728,0.0034006376195536664,1.1302871829686356
51,0.0101980861720267,0.010224518407695463,0.050595238095238096,0.0034006376195536664,1.1338191754052116
52,0.010196735016367815,0.010223877410502508,0.05250850340136055,0.0034006376195536664,1.1373214858884506
53,0.01019542037842944,0.01022327854018537,0.05335884353741496,0.002975557917109458,1.1407919542761957
54,0.010194142927034296,0.010222722197952387,0.05399659863945578,0.002763018065887354,1.1442282604157608
55,0.010192899451833326,0.01022220691270631,0.0548469387755102,0.002763018065887354,1.147628644191314
56,0.010191692093059236,0.010221731748294341,0.05612244897959184,0.0025504782146652497,1.1509911054712292
57,0.01019051737283388,0.010221295768563685,0.057185374149659865,0.0025504782146652497,1.1543140441502049
58,0.010189375826215433,0.010220898037361547,0.059098639455782316,0.0023379383634431457,1.1575961801440005
59,0.010188266784381178,0.01022053721732679,0.05994897959183673,0.0023379383634431457,1.1608361533631097
60,0.010187188374627497,0.01022021384340387,0.05994897959183673,0.0023379383634431457,1.1640331637548822
61,0.010186139259308951,0.010219924438453827,0.06037414965986394,0.0023379383634431457,1.1671860912456067
62,0.010185119170896451,0.010219668735004437,0.061224489795918366,0.0023379383634431457,1.1702945358089585
63,0.010184126905509103,0.01021944606437513,0.06207482993197279,0.0023379383634431457,1.1733578574028165
64,0.010183161125501465,0.010219255490413111,0.06335034013605442,0.0023379383634431457,1.1763757360061209
65,0.010182219824405378,0.010219093402243308,0.06526360544217687,0.0023379383634431457,1.1793482516241367
66,0.01018130260092721,0.010218960602282407,0.0665391156462585,0.0023379383634431457,1.1822752442463338
67,0.01018040905377333,0.010218855619433155,0.06781462585034014,0.0023379383634431457,1.185156873883242
68,0.010179535571301048,0.010218776447653845,0.06845238095238096,0.0023379383634431457,1.187993620566452
69,0.010178682554803998,0.010218722418263911,0.06994047619047619,0.0021253985122210413,1.190785804317024
70,0.010177848265343105,0.010218692461374442,0.070578231292517,0.0021253985122210413,1.1935340651770785
71,0.010177031766566565,0.01021868403599928,0.070578231292517,0.0023379383634431457,1.1962392031992657
72,0.010176231587064393,0.010218697275874536,0.07164115646258504,0.0023379383634431457,1.1989019384309716
73,0.010175445987897516,0.010218729907486278,0.0737670068027211,0.0023379383634431457,1.2015232309353767
74,0.010174674835301389,0.010218783000723416,0.07610544217687075,0.0023379383634431457,1.204104200786192
75,0.010173916122807854,0.010218852677238653,0.0780187074829932,0.0023379383634431457,1.206645808046598
76,0.010173170117945999,0.010218940408129238,0.07929421768707483,0.0023379383634431457,1.2091494128061009
77,0.0101724340116604,0.010219043384936786,0.08014455782312925,0.0023379383634431457,1.2116162151436765
78,0.010171707268892879,0.010219160537772385,0.0818452380952381,0.0019128586609989374,1.2140474151383005
79,0.010170989087056173,0.01021929240158049,0.08375850340136054,0.0017003188097768332,1.2164446128952744
80,0.010170278797327565,0.01021943737152774,0.0858843537414966,0.0019128586609989374,1.2188090084935739
81,0.01016957466076798,0.010219595046405789,0.08779761904761904,0.0019128586609989374,1.2211422820437652
82,0.010168877212435595,0.01021976395511739,0.08907312925170068,0.0019128586609989374,1.2234457936353547
83,0.010168184312097706,0.01021994329524586,0.0897108843537415,0.0019128586609989374,1.225721063368378
84,0.010167494488344328,0.01022013360173565,0.09162414965986394,0.0019128586609989374,1.2279696113428715
85,0.010166809747643621,0.010220332868545061,0.09268707482993198,0.0017003188097768332,1.2301929576588713
86,0.010166126745881987,0.010220540560729633,0.09417517006802721,0.0017003188097768332,1.2323928624322087
87,0.010165445884353056,0.01022075814938662,0.09608843537414966,0.0017003188097768332,1.2345706057471248
88,0.010164766360469566,0.01022098309352986,0.09842687074829932,0.0017003188097768332,1.2367279477194506
89,0.010164087371644252,0.01022121418953433,0.09991496598639456,0.0017003188097768332,1.2388664084492225
90,0.010163408516583481,0.010221454112122304,0.10204081632653061,0.0012752391073326248,1.2409874280312114
91,0.010162729393993623,0.010221699384154825,0.10480442176870748,0.0012752391073326248,1.2430926865759837
92,0.010162048264935605,0.010221951877937487,0.10671768707482993,0.0012752391073326248,1.2451834641677801
93,0.010161366868348499,0.010222210256109152,0.10799319727891156,0.0012752391073326248,1.2472616009276971
94,0.010160682395176882,0.010222474786142046,0.1096938775510204,0.0012752391073326248,1.2493282969347108
95,0.010159996049301647,0.010222744130675034,0.11224489795918367,0.0012752391073326248,1.2513851522941222
96,0.010159306626841901,0.010223018289708114,0.11415816326530612,0.0012752391073326248,1.253433447090172
97,0.010158614261562188,0.010223298734338538,0.11628401360544217,0.0012752391073326248,1.255474781428162
98,0.01015791708075889,0.010223583725996828,0.11947278911564625,0.0012752391073326248,1.2575103553870675
99,0.010157216689606537,0.010223873398419098,0.1211734693877551,0.0010626992561105207,1.2595416090616596
100,0.010156511884224232,0.01022416681545255,0.12329931972789115,0.0010626992561105207,1.2615698225361798
101,0.010155801059437447,0.010224465715666665,0.12627551020408162,0.0010626992561105207,1.2635963559001335
102,0.010155087024301606,0.010224768494228077,0.13010204081632654,0.0010626992561105207,1.265622409232497
103,0.01015436643470311,0.010225076488497924,0.1324404761904762,0.0010626992561105207,1.267649342622776
104,0.010153640093229221,0.010225387291226158,0.1360544217687075,0.0010626992561105207,1.2696782761446817
105,0.010152907866115397,0.010225702908454485,0.13796768707482993,0.0010626992561105207,1.2717103298719246
106,0.010152169887126182,0.01022602387512736,0.141156462585034,0.0010626992561105207,1.2737467038834807
107,0.010151424149793415,0.010226348185203077,0.14392006802721088,0.0010626992561105207,1.2757885182530608
108,0.010150671991762535,0.010226676239889978,0.14668367346938777,0.0010626992561105207,1.2778368930543758
109,0.01014991261044628,0.010227009510285313,0.14944727891156462,0.0010626992561105207,1.2798929483611365
110,0.010149146540902826,0.010227346257819604,0.1524234693877551,0.0010626992561105207,1.2819575642312586
111,0.010148372177957644,0.010227688087326216,0.1564625850340136,0.0010626992561105207,1.2840318607384529
112,0.010147590190433453,0.010228033393971783,0.15837585034013604,0.0010626992561105207,1.2861167979458998
113,0.01014679937444936,0.0102283840500619,0.16135204081632654,0.0010626992561105207,1.2882134159220457
114,0.010146000800121716,0.010228737915818744,0.16454081632653061,0.0010626992561105207,1.290322674730071
115,0.010145193397334168,0.010229097799700704,0.16751700680272108,0.0010626992561105207,1.292445374422626
116,0.010144376898557628,0.010229461428193849,0.17113095238095238,0.0008501594048884166,1.294582475062892
117,0.010143551838850271,0.010229829737450973,0.17368197278911565,0.0008501594048884166,1.296734776703519
118,0.010142716880566659,0.010230203262416531,0.1760204081632653,0.0008501594048884166,1.2989033194129533
119,0.010141873093823145,0.010230581066937729,0.17835884353741496,0.0008501594048884166,1.30108882323858
120,0.01014101860591611,0.010230963819695132,0.18197278911564627,0.0008501594048884166,1.303292168238315
121,0.010140153684374644,0.010231351921897083,0.1836734693877551,0.0008501594048884166,1.3055139944542786
122,0.010139279265550555,0.010231745106071354,0.18664965986394558,0.0008501594048884166,1.3077553419549168
123,0.010138394413092033,0.01023214310474572,0.18983843537414966,0.0006376195536663124,1.3100168507823502
124,0.010137498190647272,0.010232547790225768,0.19345238095238096,0.0006376195536663124,1.3122993209892289
125,0.010136591267038992,0.010232957557678139,0.1951530612244898,0.0006376195536663124,1.3146033926176734
126,0.010135672304621752,0.010233372139630603,0.1991921768707483,0.0006376195536663124,1.3169299457256
127,0.010134743176099168,0.010233792873444296,0.20216836734693877,0.0006376195536663124,1.3192796203551285
128,0.010133800269828554,0.01023421975911922,0.20578231292517007,0.0006376195536663124,1.3216532165589099
129,0.01013284666239442,0.010234652930391486,0.20875850340136054,0.0006376195536663124,1.3240513743790645
130,0.010131880882386783,0.010235092253524985,0.2108843537414966,0.0004250797024442083,1.3264747338577128
131,0.010130901458395658,0.01023553799599194,0.21619897959183673,0.0004250797024442083,1.3289240950475054
132,0.010129909326772853,0.010235990157792352,0.22066326530612246,0.0004250797024442083,1.3314000179852976
133,0.010128904086224737,0.01023644900639845,0.22385204081632654,0.00021253985122210415,1.3339033027237401
134,0.010127885602986764,0.010236914675546346,0.22831632653061223,0.00021253985122210415,1.3364345893049534
135,0.010126853475765306,0.010237387700180494,0.2315051020408163,0.00021253985122210415,1.338994437765793
136,0.010125806500679464,0.01023786741162033,0.2344812925170068,0.00021253985122210415,1.3415835681536443
137,0.010124745480316503,0.01023835461228253,0.23703231292517007,0.00021253985122210415,1.3442025405053628
138,0.010123669745853702,0.010238849703375439,0.24043367346938777,0.00021253985122210415,1.346852314884129
139,0.010122579832349238,0.010239352684899058,0.24362244897959184,0.00021253985122210415,1.3495331313057384
140,0.010121472930747685,0.010239863690589497,0.24829931972789115,0.00021253985122210415,1.3522459498333714
141,0.010120351448810839,0.010240382319238418,0.251062925170068,0.00021253985122210415,1.3549910904880884
142,0.010119213246305993,0.0102409093732625,0.2548894557823129,0.00021253985122210415,1.3577693533225401
143,0.0101180593933495,0.010241445521342315,0.2602040816326531,0.00021253985122210415,1.360581698399907
144,0.010116888552295918,0.010241989827325066,0.26424319727891155,0.00021253985122210415,1.3634282857307194
145,0.010115700990674338,0.010242543494835775,0.2684948979591837,0.00021253985122210415,1.3663099153676277
146,0.010114495504603863,0.010243106657610556,0.2708333333333333,0.00021253985122210415,1.3692273873632825
147,0.010113271826555404,0.010243678646968842,0.27253401360544216,0.0,1.3721810217387445
148,0.010112030224058051,0.010244260934007883,0.2765731292517007,0.0,1.3751716185466636
149,0.010110771232169979,0.010244853652463791,0.27976190476190477,0.0,1.3781999778396907
150,0.010109491774306674,0.010245455197503205,0.2857142857142857,0.0,1.3812665796494163
151,0.010108194124465387,0.010246068243848395,0.2884778911564626,0.0,1.3843720640179609
152,0.010106875874884324,0.010246691855346568,0.2937925170068027,0.0,1.3875170709874445
153,0.0101055367580344,0.01024732696815052,0.29825680272108845,0.0,1.3907024006105182
154,0.010104178245325595,0.010247972646107453,0.3010204081632653,0.0,1.3939286929293022
155,0.010102798062760663,0.010248629959106277,0.305484693877551,0.0,1.3971964279753872
156,0.010101396210339605,0.01024929904088311,0.3101615646258503,0.0,1.4005064058014234
157,0.010099973223120595,0.010249980426382399,0.31398809523809523,0.0,1.4038592664495313
158,0.010098527094635474,0.010250674650548604,0.31909013605442177,0.0,1.4072558099723618
159,0.0100970576911197,0.010251380509756701,0.32227891156462585,0.0,1.410696356390975
160,0.010095564878808723,0.01025210121367342,0.3250425170068027,0.0,1.4141821857896115
161,0.010094048791467095,0.010252834221312597,0.32908163265306123,0.0,1.417713458178802
162,0.010092506887568473,0.010253581271243714,0.3333333333333333,0.0,1.4212911336217269
163,0.010090941441110111,0.010254342630938997,0.3388605442176871,0.0,1.4249156921499764
164,0.010089349375507492,0.010255118567870671,0.34204931972789115,0.0,1.4285880938267315
165,0.010087731225818795,0.010255908814566513,0.3473639455782313,0.0,1.4323089786941126
166,0.010086087259573107,0.010256715510804338,0.3514030612244898,0.0,1.4360788267837101
167,0.010084415604066812,0.010257537185486897,0.3543792517006803,0.0,1.4398987581692346
168,0.010082715991770822,0.010258374774766987,0.3594812925170068,0.0,1.443769412892807
169,0.010080988556449682,0.010259228947325175,0.3643707482993197,0.0,1.4476912709860172
170,0.010079231157870686,0.010260100238105916,0.367984693877551,0.0,1.4516652925120461
171,0.010077444063562925,0.010260988379636984,0.3713860544217687,0.0,1.4556921175130142
172,0.01007562807611366,0.010261895912904538,0.3741496598639456,0.0,1.4597727060521022
173,0.010073779717644749,0.010262820296922418,0.3784013605442177,0.0,1.4639076981714305
174,0.010071900058272545,0.010263764206412897,0.38095238095238093,0.0,1.4680977339131198
175,0.010069988830467955,0.01026472737390375,0.3832908163265306,0.0,1.4723437733403506
176,0.010068043626469193,0.0102657100668672,0.3862670068027211,0.0,1.4766464564952435
177,0.010066065516392607,0.010266713221456048,0.3888180272108844,0.0,1.4810064234199187
178,0.010064053162592759,0.010267737238878633,0.39200680272108845,0.0,1.4854249541986175
179,0.010062005093659666,0.010268782119134954,0.3968962585034014,0.0,1.4899023688524
180,0.010059921978416044,0.010269849467058377,0.4013605442176871,0.0,1.494439787454977
181,0.010057801542864649,0.010270939416385015,0.4058248299319728,0.0,1.499037690037939
182,0.010055644188299111,0.010272052502059321,0.4107142857142857,0.0,1.5036970366644664
183,0.01005344884460308,0.010273189392761868,0.4145408163265306,0.0,1.5084187873977404
184,0.010051215244247465,0.010274350623437106,0.4168792517006803,0.0,1.5132035822798808
185,0.010048940578176844,0.010275536595293379,0.4190051020408163,0.0,1.518052381374069
186,0.010046626050272114,0.01027674891316405,0.4217687074829932,0.0,1.522965664711895
187,0.010044270322887834,0.010277987844521348,0.4270833333333333,0.0,1.5279445523670696
188,0.010041872192143107,0.010279252854420814,0.43197278911564624,0.0,1.5329898443922434
189,0.010039431122979758,0.010280546082640273,0.43452380952380953,0.0,1.5381023408400671
190,0.010036945777752345,0.01028186819786029,0.43686224489795916,0.0,1.5432826817526613
191,0.010034416290225417,0.010283218798872526,0.4417517006802721,0.0,1.5485319872037366
192,0.010031840520166266,0.010284600025454798,0.4457908163265306,0.0,1.5538508972354135
193,0.01002921873510398,0.010286011476398764,0.44982993197278914,0.0,1.5592402119003426
194,0.010026549329864033,0.010287455157746133,0.4530187074829932,0.0,1.5647008912617049
195,0.010023831234330071,0.010288931336969129,0.45514455782312924,0.0,1.5702334153510902
196,0.010021063913443921,0.010290440816484437,0.4574829931972789,0.0,1.57583906425274
197,0.010018246297089228,0.010291984264972624,0.4604591836734694,0.0,1.5815183179982442
198,0.01001537651256238,0.010293562217378146,0.4644982993197279,0.0,1.5872719766402537
199,0.010012455629979723,0.010295176144798251,0.4689625850340136,0.0,1.5931010002419492
200,0.010009480706521292,0.010296826983385738,0.4721513605442177,0.0,1.599006028845451
201,0.010006452544774353,0.010298515936765628,0.47619047619047616,0.0,1.6049880225139401
202,0.01000336766686076,0.010300243807354604,0.4815051020408163,0.0,1.6110476212895366
203,0.010000227410425954,0.010302011130097122,0.48554421768707484,0.0,1.6171854652143611
204,0.00999702963523723,0.010303818439937634,0.48894557823129253,0.0,1.6234025143515947
205,0.009993772869884603,0.010305668010390076,0.49128401360544216,0.0,1.6296994087433572
206,0.009990457649426254,0.010307559841454447,0.49362244897959184,0.0,1.6360769484422997
207,0.009987081031042209,0.010309495003019654,0.4976615646258503,0.0,1.6425357734905426
208,0.009983643148497015,0.010311475367391293,0.5017006802721088,0.0,1.649076523930206
209,0.00998014293167432,0.010313501202041588,0.5042517006802721,0.0,1.6556999998139412
210,0.009976578374105965,0.010315573978067791,0.5085034013605442,0.0,1.662406841183868
211,0.009972948806969228,0.010317694899094926,0.5121173469387755,0.0,1.6691978480926373
212,0.009969253962735021,0.01031986396512299,0.5153061224489796,0.0,1.6760733405613093
213,0.009965491433641555,0.010322083717138148,0.5165816326530612,0.0,1.6830341186425346
214,0.009961660952159737,0.010324354021404284,0.5208333333333334,0.0,1.6900806623679034
215,0.00995776104687959,0.010326678355060352,0.5242346938775511,0.0,1.6972137717900666
216,0.009953790781449298,0.010329053909647968,0.5274234693877551,0.0,1.7044339269406144
217,0.009949748416929796,0.010331484697250539,0.5293367346938775,0.0,1.7117416078511372
218,0.009945633953321079,0.010333970851604183,0.5331632653061225,0.0,1.719137134542695
219,0.009941445116625904,0.010336513041389465,0.5340136054421769,0.0,1.7266213070679386
220,0.009937180970492458,0.01033911313891198,0.5384778911564626,0.0,1.7341944454479283
221,0.009932840979862568,0.010341772481532861,0.5416666666666666,0.0,1.7418570297142544
222,0.009928424208384424,0.010344492272877134,0.54421768707483,0.0,1.749609379887977
223,0.009923927713238061,0.010347272646680913,0.546343537414966,0.0,1.7574521360112167
224,0.009919352430775286,0.010350114940305334,0.5499574829931972,0.0,1.7653851380734435
225,0.00991469541817613,0.010353020089903194,0.5535714285714286,0.0,1.773409346137838
226,0.009909956140382417,0.010355990502724536,0.5573979591836735,0.0,1.78152460019387
227,0.009905133928571428,0.010359025510088795,0.5605867346938775,0.0,1.78973154028366
228,0.009900226910039547,0.010362126984301563,0.563562925170068,0.0,1.7980300063966779
229,0.009895233747141335,0.010365295326571178,0.5665391156462585,0.0,1.8064204785645142
230,0.0098901541723477,0.010368531740522668,0.5690901360544217,0.0,1.8149032768082287
231,0.009884985911661398,0.010371838365933847,0.5720663265306123,0.0,1.8234782411172918
232,0.009879728028730621,0.010375214266651922,0.5763180272108843,0.0,1.8321458515232938
233,0.009874379052145383,0.010378660512565802,0.5799319727891157,0.0,1.8409061080262343
234,0.009868938580612054,0.010382178441036624,0.5826955782312925,0.0,1.8497588506155835
235,0.009863403938839752,0.01038576845327273,0.5860969387755102,0.0,1.8587045593229317
236,0.00985777485929939,0.010389432287843597,0.5894982993197279,0.0,1.8677430741377488
237,0.00985205040563916,0.010393170212221452,0.5950255102040817,0.0,1.8768743950600348
238,0.009846227635039095,0.010396982226406296,0.5999149659863946,0.0,1.8860985220897897
239,0.00984030708255737,0.010400869801495379,0.6031037414965986,0.0,1.8954156152375434
240,0.009834285671609475,0.010404832803752588,0.6075680272108843,0.0,1.9048255144927662
241,0.00982816286713723,0.010408871099441809,0.6122448979591837,0.0,1.9143278998343973
242,0.009821937465259743,0.010412986159660293,0.6175595238095238,0.0,1.9239230912834975
243,0.009815606790686132,0.01041717878682472,0.6226615646258503,0.0,1.9336107688190063
244,0.009809171110945486,0.010421447108629502,0.6286139455782312,0.0,1.9433909324409238
245,0.009802627750746924,0.010425793264852455,0.6328656462585034,0.0,1.9532632621281896
246,0.00979597510491592,0.01043021832538249,0.6366921768707483,0.0,1.963228077901864
247,0.009789212772158839,0.010434719080552877,0.6445578231292517,0.0,1.9732845797092964
248,0.009782337542126629,0.010439297536405323,0.6490221088435374,0.0,1.9834330875715473
249,0.009775349414819286,0.010443953826675942,0.6524234693877551,0.0,1.9936734414780861
250,0.009768245447416845,0.010448685811586913,0.655187074829932,0.0,2.004005161397323
251,0.00976102376721569,0.010453496567068853,0.6607142857142857,0.0,2.0144284073397873
252,0.009753684641744908,0.010458382883455032,0.6653911564625851,0.0,2.0249426992738897
253,0.009746223255480913,0.010463345696898246,0.6700680272108843,0.0,2.0355478771890994
254,0.009738639340894622,0.010468382065203995,0.6736819727891157,0.0,2.0462441010959465
255,0.009730931694105134,0.010473495599247346,0.6806972789115646,0.0,2.0570312109839013
256,0.00972309683723431,0.010478683490569914,0.6843112244897959,0.0,2.067908566810843
257,0.009715133833930339,0.010483943465657765,0.6894132653061225,0.0,2.0788761685767714
258,0.009707039875137796,0.010489276059455353,0.6960034013605442,0.0,2.089934176292217
259,0.009698812954388524,0.010494679399657088,0.7011054421768708,0.0,2.1010824299466497
260,0.009690451198978907,0.01050015321879074,0.7068452380952381,0.0,2.1123202894979487
261,0.00968195179985352,0.010505697249384086,0.7113095238095238,0.0,2.1236483949882348
262,0.009673311947956937,0.01051130814803428,0.7151360544217688,0.0,2.135065946364857
263,0.00966452990435009,0.010516984844852414,0.7236394557823129,0.0,2.1465734236594063
264,0.009655603127506641,0.010522725735005121,0.7283163265306123,0.0,2.158170506850822
265,0.009646528540842077,0.010528529748603495,0.7319302721088435,0.0,2.1698571959391044
266,0.009637304271652786,0.010534395548286397,0.7376700680272109,0.0,2.181633490924253
267,0.009627925638179725,0.010540319656914873,0.7425595238095238,0.0,2.193499391806268
268,0.009618391704071085,0.010546300737127782,0.7491496598639455,0.0,2.20545521860621
269,0.009608698322626006,0.010552337317827875,0.7536139455782312,0.0,2.2175006513030184
270,0.00959884228349543,0.010558426055612313,0.7576530612244898,0.0,2.2296360099177535
271,0.0095888203763303,0.010564564275758817,0.7638180272108843,0.0,2.2418614544609454
272,0.009578629925839738,0.010570750640906252,0.7687074829931972,0.0,2.2541769849325943
273,0.009568266651558336,0.010576981673915664,0.7752976190476191,0.0,2.26658276134323
274,0.009557727075607949,0.01058325376391198,0.7814625850340136,0.0,2.279079423734973
275,0.009547007720110435,0.01058956543979795,0.7886904761904762,0.0,2.2916668120972936
276,0.00953610350201312,0.010595911887073482,0.7946428571428571,0.0,2.304345406461782
277,0.009525011746025125,0.01060229176837744,0.8010204081632653,0.0,2.3171156868600282
278,0.009513727636622867,0.010608699065584704,0.8080357142857143,0.0,2.3299776532920324
279,0.009502247428399115,0.010615131237709116,0.8152636054421769,0.0,2.342931785789385
280,0.00949056563700756,0.010621584540139494,0.8201530612244898,0.0,2.355979044415267
281,0.009478677848218257,0.010628055228264651,0.8248299319727891,0.0,2.369119429169678
282,0.009466579647801251,0.0106345375514317,0.8301445578231292,0.0,2.382353420084208
283,0.009454265685174783,0.010641029503598935,0.8365221088435374,0.0,2.3956819772220386
284,0.009441730743521635,0.010647522124446739,0.8418367346938775,0.0,2.4091054206042295
285,0.009428970007318226,0.010654014879030657,0.8463010204081632,0.0,2.4226243902729014
286,0.009415976119514636,0.010660500411864435,0.8490646258503401,0.0,2.4362395262701746
287,0.009402745735997262,0.010666972704822957,0.8554421768707483,0.0,2.44995178865923
288,0.00938927056336438,0.010673427879558925,0.8594812925170068,0.0,2.4637618174821876
289,0.009375545919856948,0.010679858848058315,0.8645833333333334,0.0,2.4776700927706385
290,0.009361564582189593,0.010686257987362644,0.8701105442176871,0.0,2.491677894608823
291,0.00934732079848692,0.010692620616707933,0.8752125850340136,0.0,2.505785863038862
292,0.00933280681040538,0.010698938979399589,0.8801020408163265,0.0,2.519994958123936
293,0.009318015127130508,0.010705204650062448,0.8856292517006803,0.0,2.5343056598956353
294,0.009302939863022367,0.010711411744307507,0.8907312925170068,0.0,2.5487197284697913
295,0.009287572189621056,0.010717551168079034,0.8939200680272109,0.0,2.563237323856934
296,0.009271905418699374,0.010723613693585186,0.9002976190476191,0.0,2.577860046162365
297,0.009255930186739241,0.010729591296659138,0.9053996598639455,0.0,2.5925883754176744
298,0.00923963886916165,0.010735476889286869,0.9096513605442177,0.00021253985122210415,2.6074235917071027
299,0.009223022771271242,0.010741255760495868,0.9136904761904762,0.00021253985122210415,2.6223668151043613
300,0.009206074402253552,0.010746920688535996,0.9183673469387755,0.00021253985122210415,2.637419005672631
301,0.009188782525886886,0.010752460305837588,0.922406462585034,0.00021253985122210415,2.652581123475092
302,0.009171140186414954,0.01075786351230321,0.9255952380952381,0.00021253985122210415,2.6678541285749255
303,0.009153136950203325,0.010763118405418739,0.9285714285714286,0.00021253985122210415,2.683239301056372
304,0.009134764256321187,0.010768213617614514,0.9326105442176871,0.0004250797024442083,2.698737600982613
305,0.009116011403605014,0.01077313671143196,0.935374149659864,0.0004250797024442083,2.714349508385238
306,0.009096869296065822,0.010777873109634684,0.939625850340136,0.0004250797024442083,2.730076303348488
307,0.009077328703950067,0.010782409438611315,0.9440901360544217,0.0004250797024442083,2.745919265956604
308,0.009057379728681501,0.01078673178980603,0.9494047619047619,0.0006376195536663124,2.7618783962095868
309,0.009037012204154777,0.010790826923343572,0.953656462585034,0.0006376195536663124,2.777955294212737
310,0.009016216633087272,0.010794678657154184,0.9568452380952381,0.0008501594048884166,2.7941502799871145
311,0.00899498445454817,0.010798274420043179,0.9581207482993197,0.0008501594048884166,2.81046367355378
312,0.008973305903725758,0.010801594954010183,0.9619472789115646,0.0010626992561105207,2.8268964349759136
313,0.00895117094827924,0.01080462768786051,0.9647108843537415,0.0010626992561105207,2.8434485642535163
314,0.008928573033745956,0.010807356573260514,0.9681122448979592,0.0010626992561105207,2.860120381407648
315,0.008905503732959638,0.01080976542814044,0.9710884353741497,0.0010626992561105207,2.876912206459368
316,0.00888195448498947,0.010811838471638871,0.9727891156462585,0.0010626992561105207,2.8938233993665574
317,0.008857919671724602,0.010813561661463867,0.9747023809523809,0.0010626992561105207,2.9108546001713353
318,0.008833392337408747,0.010814918280601219,0.9766156462585034,0.0010626992561105207,2.9280045287894616
319,0.008808367666518322,0.010815895757856237,0.9787414965986394,0.0010626992561105207,2.9452725451788155
320,0.008782840977294289,0.010816478981048074,0.9808673469387755,0.0010626992561105207,2.9626580092972765
321,0.008756809594445764,0.010816655780190382,0.982780612244898,0.0010626992561105207,2.9801596410606037
322,0.008730270307623694,0.01081641264793568,0.9851190476190477,0.0010626992561105207,2.997776480405616
323,0.008703221779182637,0.010815738484186528,0.9861819727891157,0.0010626992561105207,3.0155062871848926
324,0.008675664142887141,0.010814621118956582,0.9880952380952381,0.0010626992561105207,3.0333474612931317
325,0.00864759900391173,0.01081305292928736,0.9897959183673469,0.0010626992561105207,3.051297442561852
326,0.00861902689731458,0.010811025489803701,0.9904336734693877,0.001487778958554729,3.0693546308857513
327,0.008589950632151117,0.010808530241394327,0.9923469387755102,0.001487778958554729,3.0875155060331676
328,0.00856037489018038,0.010805559159892415,0.9929846938775511,0.0019128586609989374,3.105777507835619
329,0.008530303818103232,0.010802109436839579,0.9931972789115646,0.0021253985122210413,3.124137116061443
330,0.008499742565854618,0.010798174117957906,0.9940476190476191,0.0034006376195536664,3.142591770542157
331,0.008468696818427657,0.010793748656219529,0.9942602040816326,0.0036131774707757703,3.161137311003979
332,0.00843717226081547,0.010788831714263314,0.9948979591836735,0.004675876726886291,3.1797698971941855
333,0.00840517578189207,0.010783416739019688,0.9951105442176871,0.005100956429330499,3.1984856888600537
334,0.008372712598474675,0.010777501055766376,0.9957482993197279,0.005100956429330499,3.2172811657699207
335,0.008339790535789109,0.010771082524725561,0.9959608843537415,0.0061636556854410204,3.236151847628944
336,0.008306413874300778,0.010764156866341603,0.9965986394557823,0.007013815090329437,3.2550938941844
337,0.008272588834060977,0.010756718998642183,0.9968112244897959,0.008076514346439958,3.274102825141446
338,0.008238320029946478,0.010748766380641138,0.9974489795918368,0.010201912858660999,3.293174480226298
339,0.008203613013185854,0.010740292191796674,0.9974489795918368,0.011902231668437832,3.3123046991651734
340,0.008168470860363616,0.010731290280247557,0.997874149659864,0.01381509032943677,3.33148996172641
341,0.008132898453885621,0.010721755564021468,0.9982993197278912,0.017215727948990435,3.3507251475730437
342,0.008096898067749117,0.010711679617743244,0.9985119047619048,0.019766206163655684,3.370007056494472
343,0.008060473046067704,0.010701055888343311,0.9987244897959183,0.021891604675876728,3.3893308881747912
344,0.008023625595956357,0.010689872339571442,0.998937074829932,0.023379383634431455,3.408693442403399
345,0.007986358392705957,0.010678123621983084,0.9991496598639455,0.024867162592986186,3.428090238885453
346,0.00794867404472511,0.010665797699328006,0.9991496598639455,0.028692879914984058,3.447517437368229
347,0.007910574157188346,0.010652884942606024,0.9991496598639455,0.031880977683315624,3.4669711975990047
348,0.007872061338504273,0.010639374920400265,0.9995748299319728,0.03528161530286929,3.486447679325057
349,0.007833137193847416,0.010625254794043817,1.0,0.03910733262486716,3.5059427222726036
350,0.007793804933566835,0.010610513062230901,1.0,0.04293304994686504,3.5254528062099815
351,0.0077540664303661425,0.010595140095961332,1.0,0.04867162592986185,3.544973770863407
352,0.007713925162123483,0.01057912292283208,1.0,0.051222104144527096,3.5645014559590975
353,0.0076733846735992746,0.010562448302967889,1.0,0.0563230605738576,3.5840323412653907
354,0.007632447171908491,0.01054510647363246,1.0,0.06354941551540914,3.6035619464874427
355,0.00759111760633926,0.01052708472989499,1.0,0.0718384697130712,3.6230861113514705
356,0.00754939958853427,0.010508370634296906,1.0,0.07863974495217853,3.642600995604752
357,0.007507297465841201,0.010488952551796318,1.0,0.08607863974495218,3.662102438973503
358,0.007464816521959541,0.01046881804493465,1.0,0.09606801275239107,3.681586281183941
359,0.007421961171119241,0.010447959223281194,1.0,0.10180658873538788,3.7010477219201623
360,0.0073787372989602374,0.010426358299932829,1.0,0.11200850159404889,3.7204829209294443
361,0.007335150122299745,0.010404018885764622,1.0,0.12476089266737514,3.739887717938004
362,0.007291213418885797,0.010380904069609198,1.0,0.1390010626992561,3.7592573126299373
363,0.007246980627653717,0.010357121241565851,1.0,0.15154091392136027,3.778586904689341
364,0.007202765827752805,0.010332792636442505,1.0,0.16556854410201913,3.7978732939056123
365,0.007160675008163703,0.010310302501674163,1.0,0.18320935175345376,3.817103679436342
366,0.007135742501044091,0.01030310683007665,1.0,0.19829968119022318,3.83625021944929
367,0.0072410772639158955,0.01042213745444841,1.0,0.18639744952178533,3.8550808986757836
368,0.00836111949297579,0.011510465096971307,0.9844812925170068,0.09054197662061636,3.872101218764514
369,0.01710699236454005,0.01995816375950746,0.41220238095238093,0.042295430393198725,3.8756694535861613
370,0.05528636011805455,0.057490002851039966,0.02891156462585034,0.008926673751328374,3.7821212172786036
371,0.018229779040749072,0.020114849257788107,0.04400510204081633,0.009564293304994687,3.1263363007873948
372,0.01102876118117491,0.01183957442686479,0.06590136054421769,0.009564293304994687,2.8203561645678406
373,0.010578878782467502,0.01126007110503091,0.07164115646258504,0.009351753453772583,2.774729161904483
374,0.010360523948613252,0.010973644859449122,0.08035714285714286,0.009351753453772583,2.7488644197739696
375,0.010229561771815786,0.010801959251183896,0.09268707482993198,0.009351753453772583,2.7329068896262885
376,0.010140365968705963,0.010687144390324232,0.10841836734693877,0.00871413390010627,2.7229481542527583
377,0.010073931005344008,0.010604559264185187,0.12627551020408162,0.00871413390010627,2.7170399254386544
378,0.01002098044436847,0.010541938532571184,0.14647108843537415,0.008926673751328374,2.714076210399795
379,0.009976491962210544,0.010492511269781818,0.17070578231292516,0.00871413390010627,2.7133731241304533
380,0.009937536784179482,0.010452250815169758,0.20471938775510204,0.008501594048884165,2.714479116914634
381,0.009902311229164065,0.010418635975519572,0.24000850340136054,0.008076514346439958,2.717081528176485
382,0.009869661444207797,0.010390014039938182,0.2814625850340136,0.008289054197662061,2.720954423047479
383,0.009838828315523516,0.010365268846820666,0.3343962585034014,0.008501594048884165,2.7259291504288705
384,0.009809300461259529,0.010343629808679897,0.39392006802721086,0.0076514346439957494,2.7318735416227815
385,0.009780729692307819,0.01032454593272744,0.45450680272108845,0.0076514346439957494,2.7386829497425147
386,0.00975287362731467,0.010307622429955657,0.51828231292517,0.007226354941551541,2.7462716091439257
387,0.009725561448957401,0.010292558126636502,0.5841836734693877,0.0076514346439957494,2.7545659149831607
388,0.009698665010802868,0.010279121124348823,0.6392431972789115,0.0076514346439957494,2.763503783174533
389,0.00967208024403584,0.010267117773199984,0.7021683673469388,0.007013815090329437,2.773030490116742
390,0.009645717392647296,0.010256379833158956,0.7602040816326531,0.007438894792773645,2.7830986726928733
391,0.00961948629933459,0.010246749495611572,0.8050595238095238,0.006376195536663124,2.7936670481861556
392,0.009593292392565112,0.010238073900179879,0.8477891156462585,0.007013815090329437,2.804700414279963
393,0.009567029864584567,0.010230196976819188,0.8845663265306123,0.007863974495217854,2.816169649057814
394,0.009540585951882364,0.010222962120540361,0.9098639455782312,0.009139213602550478,2.8280520310244315
395,0.009513837323548944,0.010216212191409802,0.9300595238095238,0.009351753453772583,2.8403299590215023
396,0.009486654495505717,0.010209789648285577,0.9449404761904762,0.009989373007438894,2.8529925523329784
397,0.009458906512264116,0.010203543369359204,0.9570578231292517,0.011264612114771519,2.866034050579776
398,0.009430463622216464,0.010197332396766847,0.9653486394557823,0.013602550478214665,2.8794538137197745
399,0.009401203564569553,0.010191023796811492,0.9723639455782312,0.014240170031880977,2.893255361984636
400,0.00937101103428646,0.0101845020214909,0.9781037414965986,0.015727948990435708,2.9074466959008665
401,0.00933978249761013,0.010177663291580848,0.9819302721088435,0.016578108395324122,2.922037416100274
402,0.009307426459592476,0.0101704165327879,0.9851190476190477,0.018278427205100957,2.937039363362086
403,0.009273861858919832,0.010162685782999482,0.9861819727891157,0.019766206163655684,2.9524646984865925
404,0.009239017532854797,0.010154401633172582,0.9885204081632653,0.02316684378320935,2.968326542337263
405,0.009202832886058943,0.010145504971944944,0.9897959183673469,0.025929861849096705,2.984637055714386
406,0.00916525280754014,0.010135940700037729,0.9910714285714286,0.029117959617428267,3.0014074393550705
407,0.00912622673430076,0.010125655991686022,0.9927721088435374,0.031880977683315624,3.018647933933244
408,0.009085712129215813,0.010114599759694393,0.9936224489795918,0.036556854410201914,3.036366219954352
409,0.009043664582456694,0.010102720248186838,0.9940476190476191,0.04314558979808714,3.05456997792384
410,0.009000043028308397,0.010089960218106698,0.9953231292517006,0.048459086078639746,3.0732643281786722
411,0.008954808139994984,0.010076264837647354,0.9961734693877551,0.05802337938363443,3.092452150908391
412,0.008907919520624172,0.010061572855668733,0.9970238095238095,0.06546227417640808,3.1121356862604173
413,0.008859340117417276,0.010045821951141854,0.9976615646258503,0.07332624867162593,3.1323155742768716
414,0.008809032476301973,0.010028944988537639,0.997874149659864,0.08310308182784272,3.1529914949366944
415,0.008756961417203198,0.010010873628701986,0.9982993197278912,0.09458023379383634,3.174160888071403
416,0.008703093632749492,0.00999154100357805,0.998937074829932,0.10648246546227418,3.195820873491456
417,0.008647400965504346,0.009970874093247751,0.998937074829932,0.11902231668437832,3.21796729092307
418,0.008589858200851216,0.009948806832070922,0.9991496598639455,0.13623804463336875,3.2405950200292812
419,0.008530446009813498,0.009925267403754505,0.9993622448979592,0.1532412327311371,3.2636976603888845
420,0.008469151283465877,0.009900192952325065,0.9995748299319728,0.1738575982996812,3.287267531496435
421,0.008405968871873412,0.009873519284448027,0.9997874149659864,0.19723698193411265,3.3112953527411846
422,0.008340901182797891,0.009845190632163976,1.0,0.21827842720510096,3.335771203470267
423,0.008273961392046902,0.009815152564874639,1.0,0.24803400637619555,3.360682922883393
424,0.008205172640886554,0.00978336068219027,1.0,0.2777895855472901,3.3860170700960324
425,0.008134569373686925,0.009749776200637893,1.0,0.30903294367693945,3.4117576440551733
426,0.008062196067158892,0.009714369564536383,1.0,0.3421891604675877,3.4378880036656834
427,0.007988110306938648,0.00967711830621864,1.0,0.3753453772582359,3.464388307621828
428,0.007912378640886827,0.009638010255698314,1.0,0.4167906482465462,3.491236794491511
429,0.007835076512206244,0.0095970404647392,1.0,0.4495217853347503,3.5184107427794555
430,0.0077562908009682205,0.009554211340591345,1.0,0.48841657810839534,3.5458845508008427
431,0.007676111664475411,0.009509531843574366,1.0,0.5298618490967056,3.5736313367866126
432,0.007594637018374018,0.009463017219605227,1.0,0.5702444208289055,3.6016229388834637
433,0.0075119683230706604,0.009414688866462115,1.0,0.6163655685441021,3.6298289550906744
434,0.007428208644146487,0.009364569920492704,1.0,0.6535600425079703,3.6582193034285813
435,0.0073434651938835095,0.009312689402433664,1.0,0.6943676939426142,3.6867623018122218
436,0.00725784291056649,0.009259080478841192,1.0,0.7266737513283741,3.7154262681566324
437,0.00717144867206608,0.009203779258465989,1.0,0.7602550478214666,3.744178880334728
438,0.0070843889549593,0.009146826664558842,1.0,0.7917109458023379,3.7729881362404862
439,0.006996770369587711,0.009088266696301164,1.0,0.8191285866099893,3.8018223537889426
440,0.006908696516590639,0.00902814749869388,1.0,0.8456960680127524,3.8306498508951345
441,0.00682026979272651,0.008966522298710245,1.0,0.8663124335812965,3.859439585516218
442,0.00673159018699196,0.00890344432332351,1.0,0.8862911795961743,3.888161155651471
443,0.006642753407918217,0.008838971747743134,1.0,0.9047821466524973,3.916786079426532
444,0.006553850014101565,0.008773163014650802,1.0,0.9219978746014877,3.9452845948828
445,0.006464966216790608,0.008706074961894836,1.0,0.9364505844845908,3.973630780314394
446,0.006376181137713119,0.008637766834573606,1.0,0.9494155154091393,4.001797753952256
447,0.006287569083073287,0.008568295203063203,1.0,0.9596174282678002,4.029761834237926
448,0.006199196466967203,0.008497715166642474,1.0,0.969394261424017,4.05750029967613
449,0.006111125356143283,0.008426080353493008,1.0,0.975557917109458,4.08499106881371
450,0.006023413536884531,0.008353444659268627,1.0,0.9806588735387886,4.112215580429172
451,0.005936112241011296,0.008279857833803628,1.0,0.9853347502656749,4.139155273301022
452,0.005849271295816218,0.008205372970335148,1.0,0.9878852284803401,4.1657938263551895
453,0.005762936783184702,0.008130040754850278,1.0,0.9912858660998938,4.192116518622902
454,0.005677152042829001,0.00805391461492644,1.0,0.9927736450584485,4.218110549261752
455,0.005591960013167739,0.007977048111877171,1.0,0.9944739638682253,4.243762797408267
456,0.005507398750213681,0.00789949453954378,1.0,0.9951115834218917,4.269063022388521
457,0.005423506443744138,0.007821309933357903,1.0,0.9965993623804463,4.2940013035496465
458,0.005340317337482372,0.007742550128147014,1.0,0.9976620616365569,4.318569320344078
459,0.005257864337506205,0.007663267080391282,1.0,0.9985122210414453,4.342759392266368
460,0.0051761754006053335,0.00758352458221694,1.0,0.9991498405951116,4.366566078958494
461,0.005095287445793898,0.00750335446281905,1.0,0.9995749202975558,4.38998233995713
462,0.005015330692855479,0.007423046662092107,1.0,0.9995749202975558,4.413008495283337
463,0.0049375139050918775,0.007343311720008189,1.0,0.9995749202975558,4.43562502365244
464,0.004874757399807489,0.0072786889587721304,1.0,0.9995749202975558,4.4578674474021245
465,0.004979003319291181,0.007370808266192811,1.0,0.9993623804463337,4.479474629347238
466,0.0071280773913795946,0.009483018124089311,1.0,0.971307120085016,4.499809407556848
467,0.03276887820507552,0.034644106750177345,0.21747448979591838,0.061636556854410204,4.505057112902622
468,0.09810132209194083,0.10370176427248924,0.11755952380952381,0.05866099893730074,4.357283548085245
469,0.02995868176963823,0.025622166613200752,0.09630102040816327,0.06631243358129649,3.743775333777769
470,0.035841444965097426,0.02638193377884078,0.085671768707483,0.0669500531349628,3.6040589391939912
471,146.13434278350516,79.27893335670541,0.0584608843537415,0.025292242295430395,4.345797032170142
472,6.103440769748488e+23,3.544932453562803e+23,0.011054421768707483,0.009564293304994687,8120.181325570211
473,inf,inf,0.012329931972789115,0.008289054197662061,inf
