run,column,right_step,MG,MG_2E,ident_ratio,PRdelay,roughness,acorr,oscillations,degenerate
g_p1_p97,train_loss,33320,11.663898893570625,19.552098922481623,1.6762918729738931,1.0018735291431065,0.0014086939197209586,553.0,2.0,False
g_p1_p97,train_loss,43320,12.554821478500575,18.72962637748726,1.4918273756071077,1.0001881461930668,0.0035590621254888636,296.0,2.0,False
g_p1_p97,train_loss,53320,14.297384169071739,18.22637261932162,1.2748047057971004,1.0000632355258292,0.001480038251468628,544.0,2.0,False
g_p1_p97,train_loss,63320,15.2909928825917,19.344479662650343,1.2650898349886361,1.0000114039810344,0.0008233470742057075,645.0,2.0,False
g_p1_p97,train_loss,73320,15.41782006302514,21.599613640532564,1.4009512079034143,1.0000033932150565,0.0005792898592746253,680.0,2.0,False
g_p1_p97,train_loss,83320,15.577196539529508,23.72013254032245,1.522747208082597,1.0000013997041222,0.00045045664747909883,696.0,2.0,False
g_p1_p97,train_loss,93320,15.669362451914388,25.138276603321053,1.6042947937712557,1.0000006723591248,0.0003691358017698234,705.0,2.0,False
g_p1_p97,weight_norm,33320,15.665428185021215,26.190919463577117,1.6718929833414986,1.0018381697470116,0.0014900299686225675,505.0,2.0,False
g_p1_p97,weight_norm,43320,18.440080021853557,28.852326889259064,1.5646530196759358,1.0078229611982437,0.0057272155905331475,177.0,2.0,False
g_p1_p97,weight_norm,53320,15.343398393258353,24.129764475566777,1.5726479790923642,1.0000125510088065,0.00036230084467844673,704.0,2.0,False
g_p1_p97,weight_norm,63320,15.600229627692205,24.730956288996545,1.5852943757376654,1.0000009279279742,0.0004013458408975414,701.0,2.0,False
g_p1_p97,weight_norm,73320,15.906605732878695,25.633014714406613,1.6114697971939789,1.0000005599014627,0.0003332325271070333,708.0,2.0,False
g_p1_p97,weight_norm,83320,16.225308671662795,26.558829207880702,1.6368766687480782,1.0000002651903892,0.0002838348331639161,713.0,2.0,False
g_p1_p97,weight_norm,93320,16.240632233406004,27.040212878683068,1.6649729203930237,1.0000001338627216,0.0002500673896933358,716.0,2.0,False
g_p1x_p97,train_loss,33320,12.357604826327401,18.642166655014154,1.5085582454698452,1.00071379596768,0.000862568859196049,691.0,2.0,False
g_p1x_p97,train_loss,43320,13.634439073963545,18.62778251780763,1.3662302069602132,1.0001443270983545,0.001999176887482844,451.0,2.0,False
g_p1x_p97,train_loss,53320,15.197713443905501,19.723439327842716,1.2977899208747152,1.0000192480494492,0.0008469950124655812,643.0,2.0,False
g_p1x_p97,train_loss,63320,15.539135521548447,22.43373388757002,1.443692530801388,1.0000048267795003,0.0005396333142170486,683.0,2.0,False
g_p1x_p97,train_loss,73320,15.831426407582237,24.952291692313178,1.5761240364521185,1.0000018519580234,0.00038911635093727095,703.0,2.0,False
g_p1x_p97,train_loss,83320,16.068322308355267,26.112876087793605,1.6251152787877134,1.0000002750074517,0.00031039467530784683,711.0,2.0,False
g_p1x_p97,train_loss,93320,16.149597428461718,26.73196020543866,1.655270995073029,1.0000003844246435,0.0002688913592900771,713.0,2.0,False
g_p1x_p97,weight_norm,33320,12.788360704843605,18.714763317435104,1.4634216026098534,1.0006425426505312,0.0008939615631745567,648.0,2.0,False
g_p1x_p97,weight_norm,43320,13.760989742641494,19.403213285789857,1.4100158236194797,1.0003142906845433,0.002305869350147852,421.0,2.0,False
g_p1x_p97,weight_norm,53320,15.334130968727168,20.858921452109065,1.3602936804602297,1.0000155824817505,0.0007099924610555141,664.0,2.0,False
g_p1x_p97,weight_norm,63320,15.81691196973492,23.9289016828622,1.5128681077981136,1.0000038084234615,0.00044794922245335094,694.0,2.0,False
g_p1x_p97,weight_norm,73320,15.997942763686629,25.944395872358534,1.621733260056983,1.0000014769935723,0.00031802907782045294,709.0,2.0,False
g_p1x_p97,weight_norm,83320,16.19448175208722,27.018818300220204,1.6683966003875297,1.0000001609048024,0.0002511354118602169,716.0,2.0,False
g_p1x_p97,weight_norm,93320,15.88121807281262,27.66155976563225,1.7417782212175927,1.0000004185161835,0.0002152471438401247,717.0,2.0,False
g_p2_p97,train_loss,33320,12.645350833330918,20.100292074474154,1.5895400878474106,1.0038820632407757,0.001987058796352742,459.0,2.0,False
g_p2_p97,train_loss,43320,13.247847454937036,18.573674744286155,1.4020145391517442,1.0020842004081345,0.005432482667754629,267.0,2.0,False
g_p2_p97,train_loss,53320,14.851147870767276,18.492772833634614,1.2452083161891778,1.0000303028655244,0.0011199747038600986,600.0,2.0,False
g_p2_p97,train_loss,63320,15.397147915641959,20.029854339529585,1.300880815672444,1.0000062815530604,0.000705629546395314,662.0,2.0,False
g_p2_p97,train_loss,73320,15.446399764454679,22.45590004442406,1.4537950840881169,1.0000021914793764,0.0005274360991329244,687.0,2.0,False
g_p2_p97,train_loss,83320,15.538467402673817,24.106264333469642,1.5513926636884088,1.0000009719247944,0.00042460140167686704,699.0,2.0,False
g_p2_p97,train_loss,93320,15.701732172452944,25.365332757186913,1.6154480587618065,1.0000004971443721,0.00035678371010818867,706.0,2.0,False
g_p2_p97,weight_norm,33320,14.843542341467293,20.194895709201305,1.3605172703812307,1.0039483742276574,0.0021051253686704165,412.0,2.0,False
g_p2_p97,weight_norm,43320,14.785968111709694,20.111206421938448,1.3601548623665332,1.0000864494523019,0.0008320773538198431,627.0,2.0,False
g_p2_p97,weight_norm,53320,15.627703971521637,22.89434591856703,1.4649846170804997,1.0000070062968283,0.0005162548481371268,687.0,2.0,False
g_p2_p97,weight_norm,63320,15.902222938608945,25.548943171694468,1.6066271533437182,1.0000015793796555,0.00034877454335381696,706.0,2.0,False
g_p2_p97,weight_norm,73320,16.085852698628113,26.717328693774903,1.6609208846015044,1.0000005505985528,0.0002688731207484708,713.0,2.0,False
g_p2_p97,weight_norm,83320,15.980125851377595,27.15879412742033,1.6995356845127134,1.0000002457411454,0.0002212710705949119,717.0,2.0,False
g_p2_p97,weight_norm,93320,15.687307818276357,27.70145961079739,1.7658517275044512,1.0000001239525178,0.00018958360792798294,720.0,2.0,False
g_p2x_p97,train_loss,33320,12.696879293526882,17.699371981580242,1.3939938761648092,1.0006493103293879,0.0008516158175182329,674.0,2.0,False
g_p2x_p97,train_loss,43320,13.78286113766949,18.767972361676982,1.3616891423496131,1.000186824155043,0.001975616404291789,469.0,2.0,False
g_p2x_p97,train_loss,53320,15.220745857782537,20.127518872684014,1.3223740190361688,1.000016006954875,0.0007773115432731241,653.0,2.0,False
g_p2x_p97,train_loss,63320,15.549853513623598,23.046279388367378,1.482089806709496,1.000004440060431,0.0005018619138109271,689.0,2.0,False
g_p2x_p97,train_loss,73320,15.810691867712526,25.48820164635141,1.6120864197221887,1.0000018114917402,0.00035958147722516036,704.0,2.0,False
g_p2x_p97,train_loss,83320,16.040074171797006,26.831539331893516,1.6727814999179345,1.0000007258665025,0.0002716768123267471,713.0,2.0,False
g_p2x_p97,train_loss,93320,16.062430381277427,27.362846908464014,1.703530926450489,1.0000000751675304,0.00022614893798633115,718.0,2.0,False
g_p2x_p97,weight_norm,33320,13.023907514491297,18.34604165348846,1.4086434223427484,1.0005908965233328,0.0009020335395028406,632.0,2.0,False
g_p2x_p97,weight_norm,43320,13.783733142255619,19.68057315789967,1.4278115336959485,1.0003741284921344,0.0022881627943500127,438.0,2.0,False
g_p2x_p97,weight_norm,53320,15.516362716744112,21.59993869612677,1.3920748754357046,1.000014697122681,0.0006491989681537719,670.0,2.0,False
g_p2x_p97,weight_norm,63320,15.948397655941486,24.821049574212925,1.5563350067939885,1.0000045985934365,0.00039356985452869295,700.0,2.0,False
g_p2x_p97,weight_norm,73320,15.995967332943648,26.651449485057054,1.6661355284321238,1.0000007889702023,0.00026455012500987925,714.0,2.0,False
g_p2x_p97,weight_norm,83320,15.906760873094052,27.28153507692126,1.7150905388329183,1.0000002611929204,0.0002106194469911363,718.0,2.0,False
g_p2x_p97,weight_norm,93320,15.666718976785724,27.49638738882636,1.7550826966111626,1.0000000334708987,0.00018362690861844334,721.0,2.0,False
g_p3_p97,train_loss,33320,11.981264876064714,18.81543883007401,1.570405046938083,1.0034888575018381,0.0019275024761736556,438.0,2.0,False
g_p3_p97,train_loss,43320,12.882799812780256,18.652402906136974,1.4478531978454745,1.0005857182559892,0.004189620324894335,279.0,2.0,False
g_p3_p97,train_loss,53320,14.509962416001823,18.156008080861906,1.2512787807664592,1.0000415592963934,0.001308444493410242,570.0,2.0,False
g_p3_p97,train_loss,63320,15.334015186227967,19.268429064182982,1.256580799625701,1.0000084460299272,0.0007956135416528537,648.0,2.0,False
g_p3_p97,train_loss,73320,15.437124070970317,21.416560326615304,1.3873413356111701,1.0000028315386202,0.0005840109021395235,679.0,2.0,False
g_p3_p97,train_loss,83320,15.535666183676721,23.44700634389914,1.5092372651862744,1.0000012197037647,0.0004655516285854014,695.0,2.0,False
g_p3_p97,train_loss,93320,15.535003724183165,24.794917298493203,1.5960676765011157,1.0000006095995875,0.00038896768578206286,703.0,2.0,False
g_p3_p97,weight_norm,33320,15.942345908797911,24.271579761526848,1.5224597371289241,1.0026754827376647,0.00185562608001008,408.0,2.0,False
g_p3_p97,weight_norm,43320,17.569224002773485,25.089629811860984,1.4280442783301257,1.012245881877009,0.004242544602904446,654.0,3.0,False
g_p3_p97,weight_norm,53320,15.512753680006888,23.959271028705686,1.5444885880954082,1.0000006618522117,0.0004352162873291614,697.0,2.0,False
g_p3_p97,weight_norm,63320,15.725804002586994,25.106816472055474,1.596536270446029,1.0000008748122677,0.0003698703669569495,705.0,2.0,False
g_p3_p97,weight_norm,73320,16.07613698230414,26.039919500389697,1.619787112354991,1.0000004426202203,0.00030684994775475097,711.0,2.0,False
g_p3_p97,weight_norm,83320,16.22582043861631,26.904048503021134,1.658100963510689,1.0000002269428505,0.0002632588136471797,715.0,2.0,False
g_p3_p97,weight_norm,93320,16.089956500626673,27.192657384498997,1.6900392106989162,1.0000001258397009,0.0002327048212407768,717.0,2.0,False
g_p3x_p97,train_loss,33320,12.349480266844848,17.951973614632383,1.4536622778230415,1.0008366160020192,0.000955619216379887,651.0,2.0,False
g_p3x_p97,train_loss,43320,13.681144115682596,18.690210143517675,1.3661291764402381,1.0002431619758667,0.002220175513755316,450.0,2.0,False
g_p3x_p97,train_loss,53320,15.205975443463684,19.77687590108989,1.3005989635206874,1.0000209020161597,0.0008558819537962301,641.0,2.0,False
g_p3x_p97,train_loss,63320,15.454758533375147,22.291956163488543,1.4424008058973037,1.0000039850333866,0.00053969659168756,685.0,2.0,False
g_p3x_p97,train_loss,73320,15.750294010488734,24.57383957675933,1.560214657605417,1.0000015818192796,0.00040311824322608575,700.0,2.0,False
g_p3x_p97,train_loss,83320,15.919410325763117,26.23788173702674,1.6481691972324355,1.0000010702321567,0.0003131013557999914,709.0,2.0,False
g_p3x_p97,train_loss,93320,16.127796796338338,27.111083911212035,1.6810159660101465,1.00000031040156,0.00024923793278634575,716.0,2.0,False
g_p3x_p97,weight_norm,33320,12.986075397367372,18.37502039125535,1.414978723670468,1.0006842177209707,0.0009541552578659619,614.0,2.0,False
g_p3x_p97,weight_norm,43320,14.012105892106035,19.82070701423575,1.414541623283199,1.000461651003631,0.0021787872009982278,486.0,2.0,False
g_p3x_p97,weight_norm,53320,15.49964220129473,21.885308236881322,1.4119879641514033,1.000013547206981,0.0006167097742885996,675.0,2.0,False
g_p3x_p97,weight_norm,63320,15.932561229802927,24.99555607551237,1.5688347727016105,1.0000026832669144,0.0003794520055092669,702.0,2.0,False
g_p3x_p97,weight_norm,73320,16.039666662075103,26.514007607733678,1.6530273456632718,1.0000007180565718,0.0002772807888014547,713.0,2.0,False
g_p3x_p97,weight_norm,83320,15.983209477162111,27.153904869492344,1.6989018950350163,1.000000334226144,0.00022251170534455696,717.0,2.0,False
g_p3x_p97,weight_norm,93320,15.707301074212364,27.647638459445233,1.7601775332896656,1.000000105851378,0.00018798129851030866,720.0,2.0,False
