run,lr,column,segment,subsample,tau,MG,ident,PRdelay,crossings,rises,degen,eta_lam,n,admissible
eos_lr1.5e+06_s1,1500000.0,train_loss,all,1,1,5.032129385964726,1.8528266427401041,1.0000350843748762,86.0,0.5000625078134767,0.0,0.9735302057833906,12,False
eos_lr1.5e+06_s1,1500000.0,train_loss,all,1,4,7.690965614026565,1.9478123009017128,1.0000383903219578,86.0,0.5000625078134767,0.0,0.9735302057833906,12,False
eos_lr1.5e+06_s1,1500000.0,train_loss,all,10,1,4.388815266963197,1.7257476401985632,1.000220567150034,2.0,0.012515644555694618,0.0,0.9735302057833906,12,False
eos_lr1.5e+06_s1,1500000.0,train_loss,all,10,4,12.06497625808337,1.4076085336950326,1.000789108332996,2.0,0.012515644555694618,0.0,0.9735302057833906,12,False
eos_lr1.5e+06_s1,1500000.0,train_loss,all,50,1,4.107217468399371,1.193424984447789,1.0007644635581525,2.0,0.012578616352201259,0.0,0.9735302057833906,12,False
eos_lr1.5e+06_s1,1500000.0,train_loss,all,50,4,,,1.0012770710522192,2.0,0.012578616352201259,1.0,0.9735302057833906,12,False
eos_lr1.5e+06_s1,1500000.0,train_loss,post,1,1,5.041556357728341,1.903532656324635,1.0000336158893293,82.0,0.5000625078134767,0.0,0.9735302057833906,11,False
eos_lr1.5e+06_s1,1500000.0,train_loss,post,1,4,7.628009562849468,1.9438049376852276,1.0000304241763678,82.0,0.5000625078134767,0.0,0.9735302057833906,11,False
eos_lr1.5e+06_s1,1500000.0,train_loss,post,10,1,4.696655184350857,1.7173134717000902,1.0001488493913044,2.0,0.010012515644555695,0.0,0.9735302057833906,11,False
eos_lr1.5e+06_s1,1500000.0,train_loss,post,10,4,11.846946267415134,1.448281687504765,1.000469613669479,2.0,0.010012515644555695,0.0,0.9735302057833906,11,False
eos_lr1.5e+06_s1,1500000.0,train_loss,post,50,1,4.101273017998368,1.1945860283728642,1.0004674830471034,2.0,0.006289308176100629,0.0,0.9735302057833906,11,False
eos_lr1.5e+06_s1,1500000.0,train_loss,post,50,4,,,1.0008766504812632,2.0,0.006289308176100629,1.0,0.9735302057833906,11,False
eos_lr1.5e+06_s1,1500000.0,weight_norm,all,1,1,5.332034989528517,1.6667858046850768,1.000011427113912,73.0,0.49993749218652334,0.0,0.9735302057833906,12,False
eos_lr1.5e+06_s1,1500000.0,weight_norm,all,1,4,10.55890633584647,1.917046632602339,1.000000065338842,73.0,0.49993749218652334,0.0,0.9735302057833906,12,False
eos_lr1.5e+06_s1,1500000.0,weight_norm,all,10,1,4.861325541841847,1.7265847450098595,1.0000003955050891,2.0,1.0,0.0,0.9735302057833906,12,False
eos_lr1.5e+06_s1,1500000.0,weight_norm,all,10,4,12.78254720941643,1.3156817424369565,1.0000052818832263,2.0,1.0,0.0,0.9735302057833906,12,False
eos_lr1.5e+06_s1,1500000.0,weight_norm,all,50,1,4.1295397294401255,1.2955128601125665,1.0000076870088042,2.0,1.0,0.0,0.9735302057833906,12,False
eos_lr1.5e+06_s1,1500000.0,weight_norm,all,50,4,,,1.0000413979208327,2.0,1.0,1.0,0.9735302057833906,12,False
eos_lr1.5e+06_s1,1500000.0,weight_norm,post,1,1,5.39155296755545,1.6926272391897499,1.000011151130179,70.0,0.49993749218652334,0.0,0.9735302057833906,11,False
eos_lr1.5e+06_s1,1500000.0,weight_norm,post,1,4,10.626806411545981,1.9122502241200645,1.0000000747330484,70.0,0.49993749218652334,0.0,0.9735302057833906,11,False
eos_lr1.5e+06_s1,1500000.0,weight_norm,post,10,1,4.878956103211038,1.714028125476157,1.0000004601172043,2.0,1.0,0.0,0.9735302057833906,11,False
eos_lr1.5e+06_s1,1500000.0,weight_norm,post,10,4,12.839118250846473,1.3020929613411787,1.0000055188042387,2.0,1.0,0.0,0.9735302057833906,11,False
eos_lr1.5e+06_s1,1500000.0,weight_norm,post,50,1,4.144235298404918,1.3031812055709275,1.000008013000852,2.0,1.0,0.0,0.9735302057833906,11,False
eos_lr1.5e+06_s1,1500000.0,weight_norm,post,50,4,,,1.000041870357683,2.0,1.0,1.0,0.9735302057833906,11,False
eos_lr1.5e+06_s2,1500000.0,train_loss,all,1,1,5.49362775766952,1.6671060832397773,1.0000259295779248,65.0,0.49993749218652334,0.0,0.96993457532335,12,False
eos_lr1.5e+06_s2,1500000.0,train_loss,all,1,4,8.702586588942747,1.9332990974377615,1.0000002020262286,65.0,0.49993749218652334,0.0,0.96993457532335,12,False
eos_lr1.5e+06_s2,1500000.0,train_loss,all,10,1,4.891166421161955,1.702128113249274,1.0000012278184327,2.0,0.0,0.0,0.96993457532335,12,False
eos_lr1.5e+06_s2,1500000.0,train_loss,all,10,4,11.63033982541009,1.456327615331674,1.0000167806352787,2.0,0.0,0.0,0.96993457532335,12,False
eos_lr1.5e+06_s2,1500000.0,train_loss,all,50,1,4.095346471720166,1.1793392309094326,1.0000248777375567,2.0,0.0,0.0,0.96993457532335,12,False
eos_lr1.5e+06_s2,1500000.0,train_loss,all,50,4,,,1.0001299881365255,2.0,0.0,1.0,0.96993457532335,12,False
eos_lr1.5e+06_s2,1500000.0,train_loss,post,1,1,5.49823877749695,1.6637008558934916,1.0000259410284769,64.0,0.49993749218652334,0.0,0.96993457532335,11,False
eos_lr1.5e+06_s2,1500000.0,train_loss,post,1,4,8.705104912238607,1.9241783841244544,1.0000002096873353,64.0,0.49993749218652334,0.0,0.96993457532335,11,False
eos_lr1.5e+06_s2,1500000.0,train_loss,post,10,1,4.903652416447306,1.6773750550920519,1.0000012748741058,2.0,0.0,0.0,0.96993457532335,11,False
eos_lr1.5e+06_s2,1500000.0,train_loss,post,10,4,11.600854141636686,1.5135551511261083,1.0000174953121514,2.0,0.0,0.0,0.96993457532335,11,False
eos_lr1.5e+06_s2,1500000.0,train_loss,post,50,1,4.096394587251099,1.1773350575194312,1.000025968329312,2.0,0.0,0.0,0.96993457532335,11,False
eos_lr1.5e+06_s2,1500000.0,train_loss,post,50,4,,,1.0001360478486707,2.0,0.0,1.0,0.96993457532335,11,False
eos_lr1.5e+06_s2,1500000.0,weight_norm,all,1,1,5.298191893368765,1.7034048637282222,1.0000144206785668,72.0,0.5000625078134767,0.0,0.96993457532335,12,False
eos_lr1.5e+06_s2,1500000.0,weight_norm,all,1,4,10.01295314606546,1.9172798905993265,1.0000000979396542,72.0,0.5000625078134767,0.0,0.96993457532335,12,False
eos_lr1.5e+06_s2,1500000.0,weight_norm,all,10,1,4.858704547700071,1.7202116516023045,1.0000005836009906,2.0,1.0,0.0,0.96993457532335,12,False
eos_lr1.5e+06_s2,1500000.0,weight_norm,all,10,4,12.554311227434967,1.3327447031310058,1.0000078857225487,2.0,1.0,0.0,0.96993457532335,12,False
eos_lr1.5e+06_s2,1500000.0,weight_norm,all,50,1,4.132944549152052,1.269889742295807,1.0000116842403977,2.0,1.0,0.0,0.96993457532335,12,False
eos_lr1.5e+06_s2,1500000.0,weight_norm,all,50,4,,,1.000062911864592,2.0,1.0,1.0,0.96993457532335,12,False
eos_lr1.5e+06_s2,1500000.0,weight_norm,post,1,1,5.347709454789915,1.710857058781525,1.000014039750284,68.0,0.5000625078134767,0.0,0.96993457532335,11,False
eos_lr1.5e+06_s2,1500000.0,weight_norm,post,1,4,10.038209943650706,1.9163187676149243,1.000000099883188,68.0,0.5000625078134767,0.0,0.96993457532335,11,False
eos_lr1.5e+06_s2,1500000.0,weight_norm,post,10,1,4.878625474419869,1.7123132245950212,1.0000005968075563,2.0,1.0,0.0,0.96993457532335,11,False
eos_lr1.5e+06_s2,1500000.0,weight_norm,post,10,4,12.497702543987604,1.3385192933991443,1.0000080457800442,2.0,1.0,0.0,0.96993457532335,11,False
eos_lr1.5e+06_s2,1500000.0,weight_norm,post,50,1,4.136072765539129,1.2683908144590235,1.000011913384483,2.0,1.0,0.0,0.96993457532335,11,False
eos_lr1.5e+06_s2,1500000.0,weight_norm,post,50,4,,,1.000064155376452,2.0,1.0,1.0,0.96993457532335,11,False
eos_lr100000_s2,100000.0,train_loss,all,1,1,5.188972069818991,1.7429190262021934,1.0000005689334388,2.0,0.0,0.0,0.2380768819421064,12,False
eos_lr100000_s2,100000.0,train_loss,all,1,4,15.898991476109343,1.4505094475097051,1.0000089102091643,2.0,0.0,0.0,0.2380768819421064,12,False
eos_lr100000_s2,100000.0,train_loss,all,10,1,4.936003990797953,1.5047916050868766,1.0000533423684264,2.0,0.0,0.0,0.2380768819421064,12,False
eos_lr100000_s2,100000.0,train_loss,all,10,4,10.526259008726818,1.5080796678022748,1.0007507632101773,2.0,0.0,0.0,0.2380768819421064,12,False
eos_lr100000_s2,100000.0,train_loss,all,50,1,3.881178467083574,1.1058087910798353,1.0011233674053437,2.0,0.0,0.0,0.2380768819421064,12,False
eos_lr100000_s2,100000.0,train_loss,all,50,4,,,1.0045874720603816,2.0,0.0,1.0,0.2380768819421064,12,False
eos_lr100000_s2,100000.0,train_loss,post,1,1,5.244286158843689,1.7231473232675911,1.0000001869607151,2.0,0.0,0.0,0.2380768819421064,6,False
eos_lr100000_s2,100000.0,train_loss,post,1,4,16.118133098769057,1.610890621659916,1.000002984338536,2.0,0.0,0.0,0.2380768819421064,6,False
eos_lr100000_s2,100000.0,train_loss,post,10,1,4.977332779675516,1.5974177914399776,1.000018670651618,2.0,0.0,0.0,0.2380768819421064,6,False
eos_lr100000_s2,100000.0,train_loss,post,10,4,10.640126140719047,1.5875608176636145,1.0003289511856492,2.0,0.0,0.0,0.2380768819421064,6,False
eos_lr100000_s2,100000.0,train_loss,post,50,1,4.045819761496716,1.0984106749345341,1.0005146182372497,2.0,0.0,0.0,0.2380768819421064,6,False
eos_lr100000_s2,100000.0,train_loss,post,50,4,,,1.0022807871017332,2.0,0.0,1.0,0.2380768819421064,6,False
eos_lr100000_s2,100000.0,weight_norm,all,1,1,5.314403360766095,1.7374361948381267,1.0000006462602224,2.0,0.5941992749093636,0.0,0.2380768819421064,12,False
eos_lr100000_s2,100000.0,weight_norm,all,1,4,15.87921473162371,1.647977482351199,1.000010439677689,2.0,0.5941992749093636,0.0,0.2380768819421064,12,False
eos_lr100000_s2,100000.0,weight_norm,all,10,1,4.86121806353408,1.6207375947778568,1.000066624233797,2.0,0.5957446808510638,0.0,0.2380768819421064,12,False
eos_lr100000_s2,100000.0,weight_norm,all,10,4,12.242483550345156,1.421540052248434,1.001028681303815,2.0,0.5957446808510638,0.0,0.2380768819421064,12,False
eos_lr100000_s2,100000.0,weight_norm,all,50,1,4.100539230447792,1.2411941309885128,1.0015296688917559,2.0,0.5974842767295597,0.0,0.2380768819421064,12,False
eos_lr100000_s2,100000.0,weight_norm,all,50,4,,,1.0092425261888134,2.0,0.5974842767295597,1.0,0.2380768819421064,12,False
eos_lr100000_s2,100000.0,weight_norm,post,1,1,5.328384220283302,1.7387591295546443,1.000000266974487,2.0,0.0,0.0,0.2380768819421064,6,False
eos_lr100000_s2,100000.0,weight_norm,post,1,4,15.660558366877535,1.8623677456664753,1.000003916004189,2.0,0.0,0.0,0.2380768819421064,6,False
eos_lr100000_s2,100000.0,weight_norm,post,10,1,4.82735166373391,1.6953913948677255,1.000020984806796,2.0,0.0,0.0,0.2380768819421064,6,False
eos_lr100000_s2,100000.0,weight_norm,post,10,4,12.548876672777698,1.3443980215237876,1.000155537383006,2.0,0.0,0.0,0.2380768819421064,6,False
eos_lr100000_s2,100000.0,weight_norm,post,50,1,4.1575165112607975,1.2602754456183511,1.000208387386209,2.0,0.0,0.0,0.2380768819421064,6,False
eos_lr100000_s2,100000.0,weight_norm,post,50,4,,,1.0006347599545293,2.0,0.0,1.0,0.2380768819421064,6,False
eos_lr1e+06_s1,1000000.0,train_loss,all,1,1,3.172747983939521,1.3182607828026844,1.0001009415971733,16.0,0.49487435929491186,0.0,0.9692179219200624,12,False
eos_lr1e+06_s1,1000000.0,train_loss,all,1,4,5.640713483794975,1.834630441875216,1.0015301509263452,16.0,0.49487435929491186,0.0,0.9692179219200624,12,False
eos_lr1e+06_s1,1000000.0,train_loss,all,10,1,2.7787791493571605,1.3565882867958245,1.0097009443188467,6.0,0.311639549436796,0.0,0.9692179219200624,12,False
eos_lr1e+06_s1,1000000.0,train_loss,all,10,4,7.880366546417833,2.1744718708787936,1.127366927637612,6.0,0.311639549436796,0.0,0.9692179219200624,12,False
eos_lr1e+06_s1,1000000.0,train_loss,all,50,1,3.7186137422671397,1.3850487121653183,1.1582857899243715,6.0,0.31761006289308175,0.0,0.9692179219200624,12,False
eos_lr1e+06_s1,1000000.0,train_loss,all,50,4,,,1.515984457581129,6.0,0.31761006289308175,1.0,0.9692179219200624,12,False
eos_lr1e+06_s1,1000000.0,train_loss,post,1,1,3.213800091754512,1.3309098369076822,1.0001227549827174,14.0,0.5000625078134767,0.0,0.9692179219200624,11,False
eos_lr1e+06_s1,1000000.0,train_loss,post,1,4,5.767822293371114,1.8689192653741389,1.001866304672974,14.0,0.5000625078134767,0.0,0.9692179219200624,11,False
eos_lr1e+06_s1,1000000.0,train_loss,post,10,1,3.0549746101138084,1.3730671545764725,1.011277762761943,6.0,0.3704630788485607,0.0,0.9692179219200624,11,False
eos_lr1e+06_s1,1000000.0,train_loss,post,10,4,8.165902567664167,1.8458227438953612,1.1358345664047662,6.0,0.3704630788485607,0.0,0.9692179219200624,11,False
eos_lr1e+06_s1,1000000.0,train_loss,post,50,1,4.058744589807228,1.4193487143070314,1.1308185967942155,6.0,0.3710691823899371,0.0,0.9692179219200624,11,False
eos_lr1e+06_s1,1000000.0,train_loss,post,50,4,,,1.5338813460478038,6.0,0.3710691823899371,1.0,0.9692179219200624,11,False
eos_lr1e+06_s1,1000000.0,weight_norm,all,1,1,5.140571303820092,1.7644565473256582,1.0000061858939548,41.0,0.5000625078134767,0.0,0.9692179219200624,12,False
eos_lr1e+06_s1,1000000.0,weight_norm,all,1,4,12.792394379226803,1.7325128252701054,1.0000020513550907,41.0,0.5000625078134767,0.0,0.9692179219200624,12,False
eos_lr1e+06_s1,1000000.0,weight_norm,all,10,1,4.917862258817914,1.634796045342092,1.0000125056140798,2.0,1.0,0.0,0.9692179219200624,12,False
eos_lr1e+06_s1,1000000.0,weight_norm,all,10,4,12.177764802434176,1.3921473050929978,1.000161043131506,2.0,1.0,0.0,0.9692179219200624,12,False
eos_lr1e+06_s1,1000000.0,weight_norm,all,50,1,4.115409144028125,1.3217098059978578,1.0002223413115823,2.0,1.0,0.0,0.9692179219200624,12,False
eos_lr1e+06_s1,1000000.0,weight_norm,all,50,4,,,1.0010152116753208,2.0,1.0,1.0,0.9692179219200624,12,False
eos_lr1e+06_s1,1000000.0,weight_norm,post,1,1,5.144768348559196,1.780113925420527,1.0000053079954703,54.0,0.49993749218652334,0.0,0.9692179219200624,11,False
eos_lr1e+06_s1,1000000.0,weight_norm,post,1,4,12.731053043185092,1.7292757636268803,1.0000019134818612,54.0,0.49993749218652334,0.0,0.9692179219200624,11,False
eos_lr1e+06_s1,1000000.0,weight_norm,post,10,1,4.936560196332727,1.6444408180514412,1.0000116008577649,2.0,1.0,0.0,0.9692179219200624,11,False
eos_lr1e+06_s1,1000000.0,weight_norm,post,10,4,12.141135141970837,1.3860153300553972,1.0001305309263104,2.0,1.0,0.0,0.9692179219200624,11,False
eos_lr1e+06_s1,1000000.0,weight_norm,post,50,1,4.146615130518659,1.2998351359625007,1.0001699386681207,2.0,1.0,0.0,0.9692179219200624,11,False
eos_lr1e+06_s1,1000000.0,weight_norm,post,50,4,,,1.0008292838115098,2.0,1.0,1.0,0.9692179219200624,11,False
eos_lr1e+06_s2,1000000.0,train_loss,all,1,1,3.960435800525934,1.397992243919204,1.0001629028259655,15.5,0.4899987498437305,0.0,0.970507812780852,12,False
eos_lr1e+06_s2,1000000.0,train_loss,all,1,4,8.636388043200775,1.9299040347070064,1.002385746581103,15.5,0.4899987498437305,0.0,0.970507812780852,12,False
eos_lr1e+06_s2,1000000.0,train_loss,all,10,1,3.7496536990360885,1.5229266577372296,1.0138958231647872,6.0,0.3229036295369212,0.0,0.970507812780852,12,False
eos_lr1e+06_s2,1000000.0,train_loss,all,10,4,10.57319802613939,1.6992755519406968,1.1446626037107954,6.0,0.3229036295369212,0.0,0.970507812780852,12,False
eos_lr1e+06_s2,1000000.0,train_loss,all,50,1,3.834056112878253,1.227810654178891,1.1643374655166154,5.0,0.31761006289308175,0.0,0.970507812780852,12,False
eos_lr1e+06_s2,1000000.0,train_loss,all,50,4,,,1.5468751227527116,5.0,0.31761006289308175,1.0,0.970507812780852,12,False
eos_lr1e+06_s2,1000000.0,train_loss,post,1,1,3.7143202105514357,1.3651163939009212,1.000301890927204,18.0,0.4918114764345543,0.0,0.970507812780852,11,False
eos_lr1e+06_s2,1000000.0,train_loss,post,1,4,7.5354388862676425,1.870842832355785,1.004724471545801,18.0,0.4918114764345543,0.0,0.970507812780852,11,False
eos_lr1e+06_s2,1000000.0,train_loss,post,10,1,3.3235374549972105,1.5351354138610758,1.0289951725206965,7.0,0.2903629536921151,0.0,0.970507812780852,11,False
eos_lr1e+06_s2,1000000.0,train_loss,post,10,4,10.355216212666333,1.8991505864630598,1.2668706614998793,7.0,0.2903629536921151,0.0,0.970507812780852,11,False
eos_lr1e+06_s2,1000000.0,train_loss,post,50,1,3.8705130075759584,1.3261760599017274,1.3344906835579815,6.0,0.2830188679245283,0.0,0.970507812780852,11,False
eos_lr1e+06_s2,1000000.0,train_loss,post,50,4,,,1.7640803687071378,6.0,0.2830188679245283,1.0,0.970507812780852,11,False
eos_lr1e+06_s2,1000000.0,weight_norm,all,1,1,5.147168821476432,1.7441348248380448,1.000007952148478,38.0,0.509126140767596,0.0,0.970507812780852,12,False
eos_lr1e+06_s2,1000000.0,weight_norm,all,1,4,12.685008320544409,1.6453102276617808,1.0000183143720887,38.0,0.509126140767596,0.0,0.970507812780852,12,False
eos_lr1e+06_s2,1000000.0,weight_norm,all,10,1,4.849415158128727,1.571747832004358,1.0001139712141098,2.0,1.0,0.0,0.970507812780852,12,False
eos_lr1e+06_s2,1000000.0,weight_norm,all,10,4,11.341987528120189,1.4701375972256894,1.0013424517662024,2.0,1.0,0.0,0.970507812780852,12,False
eos_lr1e+06_s2,1000000.0,weight_norm,all,50,1,4.108532447774472,1.2929803111747122,1.0016069855261431,2.0,1.0,0.0,0.970507812780852,12,False
eos_lr1e+06_s2,1000000.0,weight_norm,all,50,4,,,1.003776888974269,2.0,1.0,1.0,0.970507812780852,12,False
eos_lr1e+06_s2,1000000.0,weight_norm,post,1,1,5.159147867445233,1.7454748234026094,1.0000068855173927,34.0,0.5000625078134767,0.0,0.970507812780852,11,False
eos_lr1e+06_s2,1000000.0,weight_norm,post,1,4,12.953725437280037,1.6358671803789737,1.0000130302601666,34.0,0.5000625078134767,0.0,0.970507812780852,11,False
eos_lr1e+06_s2,1000000.0,weight_norm,post,10,1,4.850139296769158,1.553224650856848,1.0000596182970771,2.0,1.0,0.0,0.970507812780852,11,False
eos_lr1e+06_s2,1000000.0,weight_norm,post,10,4,11.528848362491733,1.444358851524471,1.0003779952171667,2.0,1.0,0.0,0.970507812780852,11,False
eos_lr1e+06_s2,1000000.0,weight_norm,post,50,1,4.099950164676181,1.27770764672349,1.000499212638123,2.0,1.0,0.0,0.970507812780852,11,False
eos_lr1e+06_s2,1000000.0,weight_norm,post,50,4,,,1.0018827748790515,2.0,1.0,1.0,0.970507812780852,11,False
eos_lr2.5e+06_s2,2500000.0,train_loss,all,1,1,2.591282370893005,1.2881232163443779,1.0004230856098135,72.5,0.5000625078134767,0.0,0.9877931006485596,12,False
eos_lr2.5e+06_s2,2500000.0,train_loss,all,1,4,4.240771637284121,2.2342597821772023,1.0048766315156747,72.5,0.5000625078134767,0.0,0.9877931006485596,12,False
eos_lr2.5e+06_s2,2500000.0,train_loss,all,10,1,2.8125304145426373,1.8474895684793275,1.0286091900669128,12.0,0.42991239048811014,0.0,0.9877931006485596,12,False
eos_lr2.5e+06_s2,2500000.0,train_loss,all,10,4,10.656961900590606,1.4317218033335704,1.2786269868758726,12.0,0.42991239048811014,0.0,0.9877931006485596,12,False
eos_lr2.5e+06_s2,2500000.0,train_loss,all,50,1,4.106105858882906,1.0809555340112458,1.3186360634911711,12.0,0.4276729559748428,0.0,0.9877931006485596,12,True
eos_lr2.5e+06_s2,2500000.0,train_loss,all,50,4,,,1.637546121860074,12.0,0.4276729559748428,1.0,0.9877931006485596,12,False
eos_lr2.5e+06_s2,2500000.0,train_loss,post,1,1,2.5656976498059643,1.2863986348575673,1.0004415448172117,75.0,0.49993749218652334,0.0,0.9877931006485596,11,False
eos_lr2.5e+06_s2,2500000.0,train_loss,post,1,4,4.090947128575503,2.272849174263449,1.0051474365865685,75.0,0.49993749218652334,0.0,0.9877931006485596,11,False
eos_lr2.5e+06_s2,2500000.0,train_loss,post,10,1,2.832569871455284,1.8897332389176875,1.0300896620892874,13.0,0.4355444305381727,0.0,0.9877931006485596,11,False
eos_lr2.5e+06_s2,2500000.0,train_loss,post,10,4,11.508052384897775,1.506832936547429,1.2666674929474544,13.0,0.4355444305381727,0.0,0.9877931006485596,11,False
eos_lr2.5e+06_s2,2500000.0,train_loss,post,50,1,4.135524040317262,1.074816639211858,1.2907190011338834,12.0,0.4339622641509434,0.0,0.9877931006485596,11,True
eos_lr2.5e+06_s2,2500000.0,train_loss,post,50,4,,,1.540825664932064,12.0,0.4339622641509434,1.0,0.9877931006485596,11,False
eos_lr2.5e+06_s2,2500000.0,weight_norm,all,1,1,5.252424328607172,1.7590860904457188,1.000012841079184,63.0,0.49993749218652334,0.0,0.9877931006485596,12,False
eos_lr2.5e+06_s2,2500000.0,weight_norm,all,1,4,10.458532563660697,1.8168271269690521,1.0000017159936414,63.0,0.49993749218652334,0.0,0.9877931006485596,12,False
eos_lr2.5e+06_s2,2500000.0,weight_norm,all,10,1,4.919049010447777,1.6530186360986678,1.0000103968502136,2.0,1.0,0.0,0.9877931006485596,12,False
eos_lr2.5e+06_s2,2500000.0,weight_norm,all,10,4,12.300993023916615,1.3659803676792048,1.000104004044959,2.0,1.0,0.0,0.9877931006485596,12,False
eos_lr2.5e+06_s2,2500000.0,weight_norm,all,50,1,4.138712368849787,1.2517750681955782,1.000123679353272,2.0,1.0,0.0,0.9877931006485596,12,False
eos_lr2.5e+06_s2,2500000.0,weight_norm,all,50,4,,,1.0003877897433089,2.0,1.0,1.0,0.9877931006485596,12,False
eos_lr2.5e+06_s2,2500000.0,weight_norm,post,1,1,5.2771167935824765,1.7466897448155998,1.0000120384322706,52.0,0.5000625078134767,0.0,0.9877931006485596,11,False
eos_lr2.5e+06_s2,2500000.0,weight_norm,post,1,4,10.631571092252724,1.820740403061759,1.0000015895239172,52.0,0.5000625078134767,0.0,0.9877931006485596,11,False
eos_lr2.5e+06_s2,2500000.0,weight_norm,post,10,1,4.917734411790003,1.6470199221503907,1.0000096994964014,2.0,1.0,0.0,0.9877931006485596,11,False
eos_lr2.5e+06_s2,2500000.0,weight_norm,post,10,4,12.230505188531142,1.36999149869054,1.0001007929241297,2.0,1.0,0.0,0.9877931006485596,11,False
eos_lr2.5e+06_s2,2500000.0,weight_norm,post,50,1,4.136228498746491,1.2430618398717623,1.0001200792653788,2.0,1.0,0.0,0.9877931006485596,11,False
eos_lr2.5e+06_s2,2500000.0,weight_norm,post,50,4,,,1.0003747516825163,2.0,1.0,1.0,0.9877931006485596,11,False
eos_lr2.8e+06_s1,2800000.0,train_loss,all,1,1,2.6360614652293943,1.197899087940701,1.0074486701329666,70.0,0.502187773471684,0.0,0.9918944442688372,12,False
eos_lr2.8e+06_s1,2800000.0,train_loss,all,1,4,3.745717147202128,1.5482716753034511,1.07691058815473,70.0,0.502187773471684,0.0,0.9918944442688372,12,False
eos_lr2.8e+06_s1,2800000.0,train_loss,all,10,1,2.9884391145645113,1.2748671260430422,1.4198031997549303,22.0,0.4549436795994994,0.0,0.9918944442688372,12,False
eos_lr2.8e+06_s1,2800000.0,train_loss,all,10,4,5.705596494015385,2.2807063068267555,2.786158771016109,22.0,0.4549436795994994,0.0,0.9918944442688372,12,False
eos_lr2.8e+06_s1,2800000.0,train_loss,all,50,1,4.774775585191236,1.3547228591124454,2.4999939250469656,22.0,0.4528301886792453,0.0,0.9918944442688372,12,False
eos_lr2.8e+06_s1,2800000.0,train_loss,all,50,4,,,4.850980617646872,22.0,0.4528301886792453,1.0,0.9918944442688372,12,False
eos_lr2.8e+06_s1,2800000.0,train_loss,post,1,1,2.662867301992516,1.2036885733066354,1.0070169405252403,76.0,0.5063132891611452,0.0,0.9918944442688372,11,False
eos_lr2.8e+06_s1,2800000.0,train_loss,post,1,4,3.780636757208382,1.5814017571311152,1.0968677533411813,76.0,0.5063132891611452,0.0,0.9918944442688372,11,False
eos_lr2.8e+06_s1,2800000.0,train_loss,post,10,1,3.015044296183322,1.2822815366390437,1.4929594422635961,23.0,0.4493116395494368,0.0,0.9918944442688372,11,False
eos_lr2.8e+06_s1,2800000.0,train_loss,post,10,4,5.719376070004905,2.4467697076258172,3.224634318152804,23.0,0.4493116395494368,0.0,0.9918944442688372,11,False
eos_lr2.8e+06_s1,2800000.0,train_loss,post,50,1,4.669187024230497,1.226505496321463,3.3302755963280277,23.0,0.4591194968553459,0.0,0.9918944442688372,11,False
eos_lr2.8e+06_s1,2800000.0,train_loss,post,50,4,,,4.4981599481884755,23.0,0.4591194968553459,1.0,0.9918944442688372,11,False
eos_lr2.8e+06_s1,2800000.0,weight_norm,all,1,1,5.373311654042256,1.6438392589471937,1.0000110927521546,63.0,0.5000625078134767,0.0,0.9918944442688372,12,False
eos_lr2.8e+06_s1,2800000.0,weight_norm,all,1,4,10.39018644767698,1.6859152010134029,1.0000272256951495,63.0,0.5000625078134767,0.0,0.9918944442688372,12,False
eos_lr2.8e+06_s1,2800000.0,weight_norm,all,10,1,4.532732027130208,1.7427420324214262,1.0001382262572587,2.0,1.0,0.0,0.9918944442688372,12,False
eos_lr2.8e+06_s1,2800000.0,weight_norm,all,10,4,12.429745363302263,1.3535201757318929,1.000456810253139,2.0,1.0,0.0,0.9918944442688372,12,False
eos_lr2.8e+06_s1,2800000.0,weight_norm,all,50,1,4.131011488751502,1.2593393907904105,1.000515130625006,2.0,1.0,0.0,0.9918944442688372,12,False
eos_lr2.8e+06_s1,2800000.0,weight_norm,all,50,4,,,1.0014887345131245,2.0,1.0,1.0,0.9918944442688372,12,False
eos_lr2.8e+06_s1,2800000.0,weight_norm,post,1,1,5.38493271253102,1.6406402859308793,1.0000109297769189,40.0,0.5000625078134767,0.0,0.9918944442688372,11,False
eos_lr2.8e+06_s1,2800000.0,weight_norm,post,1,4,10.498096197809888,1.678147815706872,1.000028350487029,40.0,0.5000625078134767,0.0,0.9918944442688372,11,False
eos_lr2.8e+06_s1,2800000.0,weight_norm,post,10,1,4.470479877389754,1.7612868812264175,1.0001411182049211,2.0,1.0,0.0,0.9918944442688372,11,False
eos_lr2.8e+06_s1,2800000.0,weight_norm,post,10,4,12.415363204763517,1.350547319082805,1.0004736199535924,2.0,1.0,0.0,0.9918944442688372,11,False
eos_lr2.8e+06_s1,2800000.0,weight_norm,post,50,1,4.139443489386015,1.2567189082688275,1.0005144386689198,2.0,1.0,0.0,0.9918944442688372,11,False
eos_lr2.8e+06_s1,2800000.0,weight_norm,post,50,4,,,1.0014941245825881,2.0,1.0,1.0,0.9918944442688372,11,False
eos_lr2e+06_s1,2000000.0,train_loss,all,1,1,3.2142574431353443,1.3514855249313054,1.0001197632570413,131.0,0.49993749218652334,0.0,0.9773309557203902,12,False
eos_lr2e+06_s1,2000000.0,train_loss,all,1,4,7.3849255185231275,2.5743515566961337,1.0007060163683357,131.0,0.49993749218652334,0.0,0.9773309557203902,12,False
eos_lr2e+06_s1,2000000.0,train_loss,all,10,1,3.996613392766852,1.4796724527860332,1.0040454910118581,9.0,0.3642052565707134,0.0,0.9773309557203902,12,False
eos_lr2e+06_s1,2000000.0,train_loss,all,10,4,10.637326684684353,1.597107897257572,1.0271797448579738,9.0,0.3642052565707134,0.0,0.9773309557203902,12,False
eos_lr2e+06_s1,2000000.0,train_loss,all,50,1,4.154086222442329,1.1760960419756066,1.0308376068414948,8.0,0.3522012578616352,0.0,0.9773309557203902,12,False
eos_lr2e+06_s1,2000000.0,train_loss,all,50,4,,,1.0834851229074056,8.0,0.3522012578616352,1.0,0.9773309557203902,12,False
eos_lr2e+06_s1,2000000.0,train_loss,post,1,1,3.1383492883281208,1.34602351119484,1.0001196190346469,116.0,0.49993749218652334,0.0,0.9773309557203902,11,False
eos_lr2e+06_s1,2000000.0,train_loss,post,1,4,7.303512966397426,2.6145410292110847,1.0007078628903496,116.0,0.49993749218652334,0.0,0.9773309557203902,11,False
eos_lr2e+06_s1,2000000.0,train_loss,post,10,1,4.017929040586939,1.3720815910833004,1.004153918858501,8.0,0.3429286608260325,0.0,0.9773309557203902,11,False
eos_lr2e+06_s1,2000000.0,train_loss,post,10,4,11.02334322178598,1.5531048816853388,1.0266581153134944,8.0,0.3429286608260325,0.0,0.9773309557203902,11,False
eos_lr2e+06_s1,2000000.0,train_loss,post,50,1,4.139639005369225,1.1418598232993022,1.0301398659682126,8.0,0.34591194968553457,0.0,0.9773309557203902,11,False
eos_lr2e+06_s1,2000000.0,train_loss,post,50,4,,,1.0759626462759448,8.0,0.34591194968553457,1.0,0.9773309557203902,11,False
eos_lr2e+06_s1,2000000.0,weight_norm,all,1,1,5.2680435706010496,1.744449558594496,1.000017383319086,82.0,0.5000625078134767,0.0,0.9773309557203902,12,False
eos_lr2e+06_s1,2000000.0,weight_norm,all,1,4,9.624625862131065,1.9063430491647129,1.0000002192783883,82.0,0.5000625078134767,0.0,0.9773309557203902,12,False
eos_lr2e+06_s1,2000000.0,weight_norm,all,10,1,4.99019394643055,1.6747146956710761,1.0000013412313344,2.0,1.0,0.0,0.9773309557203902,12,False
eos_lr2e+06_s1,2000000.0,weight_norm,all,10,4,12.587716306643578,1.3286183176246698,1.0000112800152343,2.0,1.0,0.0,0.9773309557203902,12,False
eos_lr2e+06_s1,2000000.0,weight_norm,all,50,1,4.126579861194015,1.2711692361927214,1.0000155114399933,2.0,1.0,0.0,0.9773309557203902,12,False
eos_lr2e+06_s1,2000000.0,weight_norm,all,50,4,,,1.0000682347786187,2.0,1.0,1.0,0.9773309557203902,12,False
eos_lr2e+06_s1,2000000.0,weight_norm,post,1,1,5.282666052149862,1.733056263509205,1.0000164921080188,80.0,0.5000625078134767,0.0,0.9773309557203902,11,False
eos_lr2e+06_s1,2000000.0,weight_norm,post,1,4,9.74276329097759,1.904686820323054,1.0000002313478893,80.0,0.5000625078134767,0.0,0.9773309557203902,11,False
eos_lr2e+06_s1,2000000.0,weight_norm,post,10,1,4.99224892872426,1.674647707450262,1.000001356558747,2.0,1.0,0.0,0.9773309557203902,11,False
eos_lr2e+06_s1,2000000.0,weight_norm,post,10,4,12.469642498857846,1.3409889088968268,1.0000129990477555,2.0,1.0,0.0,0.9773309557203902,11,False
eos_lr2e+06_s1,2000000.0,weight_norm,post,50,1,4.133542882176228,1.2648735996503786,1.0000180498281428,2.0,1.0,0.0,0.9773309557203902,11,False
eos_lr2e+06_s1,2000000.0,weight_norm,post,50,4,,,1.000067094650891,2.0,1.0,1.0,0.9773309557203902,11,False
eos_lr2e+06_s2,2000000.0,train_loss,all,1,1,4.577119776422537,1.8817894142776739,1.0000610732444413,100.0,0.5000625078134767,0.0,0.977799913925992,12,False
eos_lr2e+06_s2,2000000.0,train_loss,all,1,4,6.241209122389599,2.003279374419588,1.000000188866553,100.0,0.5000625078134767,0.0,0.977799913925992,12,False
eos_lr2e+06_s2,2000000.0,train_loss,all,10,1,4.841025611277098,1.6850054525932343,1.000001162792561,2.0,0.0,0.0,0.977799913925992,12,False
eos_lr2e+06_s2,2000000.0,train_loss,all,10,4,11.670744542203252,1.4307088519818163,1.0000137850917292,2.0,0.0,0.0,0.977799913925992,12,False
eos_lr2e+06_s2,2000000.0,train_loss,all,50,1,4.0927682681410795,1.1841138408894305,1.0000201669837172,2.0,0.0,0.0,0.977799913925992,12,False
eos_lr2e+06_s2,2000000.0,train_loss,all,50,4,,,1.0001040259678808,2.0,0.0,1.0,0.977799913925992,12,False
eos_lr2e+06_s2,2000000.0,train_loss,post,1,1,4.574965385800191,1.882334854282101,1.0000603189919102,98.0,0.49993749218652334,0.0,0.977799913925992,11,False
eos_lr2e+06_s2,2000000.0,train_loss,post,1,4,6.216934708896696,2.002913660875939,1.0000001694733247,98.0,0.49993749218652334,0.0,0.977799913925992,11,False
eos_lr2e+06_s2,2000000.0,train_loss,post,10,1,4.955485572468156,1.6667108426971866,1.0000010409761388,2.0,0.0,0.0,0.977799913925992,11,False
eos_lr2e+06_s2,2000000.0,train_loss,post,10,4,11.604196005487829,1.4633872105268195,1.000014841121098,2.0,0.0,0.0,0.977799913925992,11,False
eos_lr2e+06_s2,2000000.0,train_loss,post,50,1,4.092970736205025,1.1806347515136772,1.0000218666515333,2.0,0.0,0.0,0.977799913925992,11,False
eos_lr2e+06_s2,2000000.0,train_loss,post,50,4,,,1.0001102293896451,2.0,0.0,1.0,0.977799913925992,11,False
eos_lr2e+06_s2,2000000.0,weight_norm,all,1,1,5.274962406949226,1.7157614446124603,1.00001749789571,79.0,0.49993749218652334,0.0,0.977799913925992,12,False
eos_lr2e+06_s2,2000000.0,weight_norm,all,1,4,9.592712181155349,1.9258519938240304,1.0000000942957779,79.0,0.49993749218652334,0.0,0.977799913925992,12,False
eos_lr2e+06_s2,2000000.0,weight_norm,all,10,1,4.862111163206741,1.712322807675115,1.0000005649742438,2.0,1.0,0.0,0.977799913925992,12,False
eos_lr2e+06_s2,2000000.0,weight_norm,all,10,4,12.546407845999463,1.3334704912206514,1.0000076208515447,2.0,1.0,0.0,0.977799913925992,12,False
eos_lr2e+06_s2,2000000.0,weight_norm,all,50,1,4.131489625210463,1.267981194721986,1.0000112873056628,2.0,1.0,0.0,0.977799913925992,12,False
eos_lr2e+06_s2,2000000.0,weight_norm,all,50,4,,,1.0000608408649048,2.0,1.0,1.0,0.977799913925992,12,False
eos_lr2e+06_s2,2000000.0,weight_norm,post,1,1,5.293575713908558,1.714215257421594,1.0000166311655616,76.0,0.5000625078134767,0.0,0.977799913925992,11,False
eos_lr2e+06_s2,2000000.0,weight_norm,post,1,4,9.68648677414261,1.9217928780423181,1.0000000994753757,76.0,0.5000625078134767,0.0,0.977799913925992,11,False
eos_lr2e+06_s2,2000000.0,weight_norm,post,10,1,4.882946807645343,1.7125143237163323,1.0000005975683965,2.0,1.0,0.0,0.977799913925992,11,False
eos_lr2e+06_s2,2000000.0,weight_norm,post,10,4,12.454173853587006,1.3431498465188825,1.0000080892280283,2.0,1.0,0.0,0.977799913925992,11,False
eos_lr2e+06_s2,2000000.0,weight_norm,post,50,1,4.1340560948277085,1.261713279690974,1.0000119829879945,2.0,1.0,0.0,0.977799913925992,11,False
eos_lr2e+06_s2,2000000.0,weight_norm,post,50,4,,,1.000064382644402,2.0,1.0,1.0,0.977799913925992,11,False
eos_lr300000_s1,300000.0,train_loss,all,1,1,5.279665740443002,1.72945350022305,1.0000000349385352,2.0,0.0,0.0,0.7581716545246309,12,False
eos_lr300000_s1,300000.0,train_loss,all,1,4,15.834971738250934,1.7031309788419737,1.0000005484825931,2.0,0.0,0.0,0.7581716545246309,12,False
eos_lr300000_s1,300000.0,train_loss,all,10,1,4.909881425339092,1.623723724240191,1.0000033057872337,2.0,0.0,0.0,0.7581716545246309,12,False
eos_lr300000_s1,300000.0,train_loss,all,10,4,10.999835128522864,1.4682231875309828,1.0000435164922705,2.0,0.0,0.0,0.7581716545246309,12,False
eos_lr300000_s1,300000.0,train_loss,all,50,1,4.088816243128004,1.1763440143350405,1.000064101479009,2.0,0.0,0.0,0.7581716545246309,12,False
eos_lr300000_s1,300000.0,train_loss,all,50,4,,,1.0003089725272494,2.0,0.0,1.0,0.7581716545246309,12,False
eos_lr300000_s1,300000.0,train_loss,post,1,1,5.294506976334572,1.7266017392245676,1.0000000169910184,2.0,0.0,0.0,0.7581716545246309,10,False
eos_lr300000_s1,300000.0,train_loss,post,1,4,15.939284635594493,1.7594298389189813,1.0000002672145638,2.0,0.0,0.0,0.7581716545246309,10,False
eos_lr300000_s1,300000.0,train_loss,post,10,1,4.939365440553869,1.6399756125343756,1.000001615516582,2.0,0.0,0.0,0.7581716545246309,10,False
eos_lr300000_s1,300000.0,train_loss,post,10,4,11.525991841787626,1.5067898577528847,1.0000216073234762,2.0,0.0,0.0,0.7581716545246309,10,False
eos_lr300000_s1,300000.0,train_loss,post,50,1,4.096387383205739,1.1756427868859214,1.00003192552409,2.0,0.0,0.0,0.7581716545246309,10,False
eos_lr300000_s1,300000.0,train_loss,post,50,4,,,1.0001613946258447,2.0,0.0,1.0,0.7581716545246309,10,False
eos_lr300000_s1,300000.0,weight_norm,all,1,1,5.300027991809056,1.7239871378475518,1.0000000336331527,2.0,0.0,0.0,0.7581716545246309,12,False
eos_lr300000_s1,300000.0,weight_norm,all,1,4,16.225936608450233,1.7167509164424484,1.0000002435436932,2.0,0.0,0.0,0.7581716545246309,12,False
eos_lr300000_s1,300000.0,weight_norm,all,10,1,4.998341627009308,1.6199320793489669,1.0000014675525433,2.0,0.0,0.0,0.7581716545246309,12,False
eos_lr300000_s1,300000.0,weight_norm,all,10,4,11.230856374823393,1.5026243233917658,1.0000195006017383,2.0,0.0,0.0,0.7581716545246309,12,False
eos_lr300000_s1,300000.0,weight_norm,all,50,1,4.055388356062895,1.179964917023339,1.0000288131186128,2.0,0.0,0.0,0.7581716545246309,12,False
eos_lr300000_s1,300000.0,weight_norm,all,50,4,,,1.0001427650336,2.0,0.0,1.0,0.7581716545246309,12,False
eos_lr300000_s1,300000.0,weight_norm,post,1,1,5.2960135689134304,1.7226973418477098,1.0000000225042474,2.0,0.0,0.0,0.7581716545246309,10,False
eos_lr300000_s1,300000.0,weight_norm,post,1,4,16.2116198480046,1.7466660888164516,1.0000001107122125,2.0,0.0,0.0,0.7581716545246309,10,False
eos_lr300000_s1,300000.0,weight_norm,post,10,1,4.981578094115909,1.6286037540220686,1.000000659848515,2.0,0.0,0.0,0.7581716545246309,10,False
eos_lr300000_s1,300000.0,weight_norm,post,10,4,11.290799611293789,1.5044760648751412,1.0000087547490453,2.0,0.0,0.0,0.7581716545246309,10,False
eos_lr300000_s1,300000.0,weight_norm,post,50,1,4.056427426790236,1.1796320114283738,1.000012939952832,2.0,0.0,0.0,0.7581716545246309,10,False
eos_lr300000_s1,300000.0,weight_norm,post,50,4,,,1.0000654521295753,2.0,0.0,1.0,0.7581716545246309,10,False
eos_lr300000_s2,300000.0,train_loss,all,1,1,5.276449957645832,1.7282116436149924,1.000000033977798,2.0,0.0,0.0,0.7451316832884913,12,False
eos_lr300000_s2,300000.0,train_loss,all,1,4,15.886649759689966,1.6953820452435382,1.0000005334212034,2.0,0.0,0.0,0.7451316832884913,12,False
eos_lr300000_s2,300000.0,train_loss,all,10,1,4.917322528698628,1.619535299883558,1.0000032152075864,2.0,0.0,0.0,0.7451316832884913,12,False
eos_lr300000_s2,300000.0,train_loss,all,10,4,10.816614226750712,1.4769230248901497,1.0000423541530967,2.0,0.0,0.0,0.7451316832884913,12,False
eos_lr300000_s2,300000.0,train_loss,all,50,1,4.077454856020291,1.171342196641407,1.0000623912517765,2.0,0.0,0.0,0.7451316832884913,12,False
eos_lr300000_s2,300000.0,train_loss,all,50,4,,,1.0002995985280825,2.0,0.0,1.0,0.7451316832884913,12,False
eos_lr300000_s2,300000.0,train_loss,post,1,1,5.291381204331026,1.7256629835996198,1.000000016967293,2.0,0.0,0.0,0.7451316832884913,10,False
eos_lr300000_s2,300000.0,train_loss,post,1,4,15.969597950501331,1.7424504141727937,1.0000002669082737,2.0,0.0,0.0,0.7451316832884913,10,False
eos_lr300000_s2,300000.0,train_loss,post,10,1,4.9465086490175025,1.634113232517949,1.0000016142792758,2.0,0.0,0.0,0.7451316832884913,10,False
eos_lr300000_s2,300000.0,train_loss,post,10,4,11.363492616062846,1.5177905050850686,1.0000216275844975,2.0,0.0,0.0,0.7451316832884913,10,False
eos_lr300000_s2,300000.0,train_loss,post,50,1,4.096058261483154,1.1706578095536337,1.0000319554553738,2.0,0.0,0.0,0.7451316832884913,10,False
eos_lr300000_s2,300000.0,train_loss,post,50,4,,,1.0001609415759958,2.0,0.0,1.0,0.7451316832884913,10,False
eos_lr300000_s2,300000.0,weight_norm,all,1,1,5.271606084782254,1.704086855657407,1.0000000579068726,2.0,0.0012501562695336917,0.16666666666666666,0.7451316832884913,12,False
eos_lr300000_s2,300000.0,weight_norm,all,1,4,16.59459976787409,1.644640689248523,1.0000007317836461,2.0,0.0012501562695336917,0.0,0.7451316832884913,12,False
eos_lr300000_s2,300000.0,weight_norm,all,10,1,5.0422626780095605,1.623961540659752,1.000004415266058,2.0,0.0,0.0,0.7451316832884913,12,False
eos_lr300000_s2,300000.0,weight_norm,all,10,4,9.922811033688415,1.6609768905872397,1.0000608606969643,2.0,0.0,0.0,0.7451316832884913,12,False
eos_lr300000_s2,300000.0,weight_norm,all,50,1,3.981891350455915,1.1462570371805514,1.0000897546476333,2.0,0.0,0.0,0.7451316832884913,12,False
eos_lr300000_s2,300000.0,weight_norm,all,50,4,,,1.0004223794846374,2.0,0.0,1.0,0.7451316832884913,12,False
eos_lr300000_s2,300000.0,weight_norm,post,1,1,5.267083630277382,1.702108947226665,1.000000039678243,2.0,0.0,0.2,0.7451316832884913,10,False
eos_lr300000_s2,300000.0,weight_norm,post,1,4,16.59330757142996,1.6548180986665355,1.000000445503583,2.0,0.0,0.0,0.7451316832884913,10,False
eos_lr300000_s2,300000.0,weight_norm,post,10,1,5.027601876158183,1.6290923086237847,1.0000026445986137,2.0,0.0,0.0,0.7451316832884913,10,False
eos_lr300000_s2,300000.0,weight_norm,post,10,4,9.872194912221744,1.661746510331064,1.0000361765947379,2.0,0.0,0.0,0.7451316832884913,10,False
eos_lr300000_s2,300000.0,weight_norm,post,50,1,3.983506111315629,1.1459274525785275,1.0000533574683554,2.0,0.0,0.0,0.7451316832884913,10,False
eos_lr300000_s2,300000.0,weight_norm,post,50,4,,,1.000263942947496,2.0,0.0,1.0,0.7451316832884913,10,False
