observer,k,seed,expected,class,LB,MG,PR,TwoNN,roughness
norm_fro,1,0,1.0,good,1.5522999766515175,1.2211799665918937,1.9937767504146189,0.6582130495610868,0.8649649190255216
norm_fro_sq,1,0,1.0,good,1.5523034912446259,1.2211909873885405,1.9938222027412478,0.6582392554886333,0.8649759948723145
trace,1,0,1.0,good,1.5522986408288484,1.2211802454736551,1.9918671432905126,0.6582085433966807,0.8645002881002509
logdet,1,0,1.0,good,1.5522965045506554,1.221176425232424,1.9938332668035408,0.6582189951299174,0.8649814777640695
norm_l1,1,0,1.0,good,1.5522976137478341,1.2211763538959335,1.9918671433850705,0.6582174407855393,0.8645002887174111
proj_rand0,1,0,1.0,good,1.5523022826631718,1.221184813345434,1.991867143364219,0.6582277495576847,0.8645002886219524
proj_rand1,1,0,1.0,good,1.5522999130084598,1.2211792659395833,1.9918671434483595,0.6582197755830457,0.8645002879573752
proj_rand2,1,0,1.0,good,1.5522978023781493,1.2211770015288834,1.9918671432368245,0.6582104145495871,0.8645002892018883
proj_rand3,1,0,1.0,good,1.5523008743818714,1.2211781417732828,1.99186714344854,0.658215664376263,0.8645002887845401
coord_active0,1,0,1.0,bad_by_construction,1.5523001507300556,1.221178479564162,1.9918671433009425,0.6582148770395418,0.8645002883202199
proj_half_active,1,0,1.0,bad_by_construction,1.5523014403033804,1.221185242320482,1.9918671433223014,0.658222295524557,0.8645002883573218
coord_inactive,1,0,,degenerate,17.48366880056884,13.173212696739103,14.907481194240912,13.514191741910066,1.423773499448001
proj_inactive_only,1,0,,degenerate,15.0,11.750996004102463,10.233748804619006,13.107055739368505,1.0007506336270362
norm_fro,2,0,2.0,good,3.3224307840699785,2.40694754655931,2.5452880858268285,2.412706422924868,0.9242120828246466
norm_fro_sq,2,0,2.0,good,3.3225274082877467,2.4070245600744986,2.54533506254755,2.412733235568561,0.9242211218783227
trace,2,0,2.0,good,3.145451609237636,2.3537627211139087,2.5609600478057932,2.4366865742518815,0.9272330018297287
logdet,2,0,2.0,good,3.006898456703173,2.311328385622334,2.578479762301705,2.4692375361331775,0.9310871756750152
norm_l1,2,0,2.0,good,3.1454443077250183,2.3537603065470045,2.560960033711283,2.4366896615048934,0.9272330045671029
proj_rand0,2,0,2.0,good,3.755372569249561,3.007563676319765,2.375463733568556,2.447653180108171,0.9013779498249794
proj_rand1,2,0,2.0,good,3.721501803489132,2.5326845443490886,2.446906745042324,3.2154869366199406,0.9835625368800929
proj_rand2,2,0,2.0,good,1.6642566231140443,1.5231751277597103,1.99836477583125,2.5754660158893157,1.0229815061405951
proj_rand3,2,0,2.0,good,2.6365208923429373,2.5446874018548136,2.0223858692316115,7.3053899833101,0.8673040038743658
coord_active0,2,0,1.0,bad_by_construction,1.5523010964903345,1.2211870333279586,1.991884652655581,0.6582267506896663,0.8644900655525347
proj_half_active,2,0,1.0,bad_by_construction,1.5523021687706189,1.221177872650216,1.9918846524582565,0.6582138585282462,0.8644900646774164
coord_inactive,2,0,,degenerate,17.462585480496433,13.183341376811963,14.907833637089484,13.51287556989023,1.4237952637123747
proj_inactive_only,2,0,,degenerate,17.34627756023664,13.04590169792396,14.907365376187071,13.360720164028551,1.4202016245822342
norm_fro,3,0,3.0,good,4.775439176874992,3.4681309377416376,2.7494741290153923,2.521158082797192,0.8692920911522853
norm_fro_sq,3,0,3.0,good,4.774836575311778,3.4682410910924704,2.749511414714752,2.5212911930136657,0.8692999155934255
trace,3,0,3.0,good,4.793532306095868,3.727697972863066,2.755560616306601,3.2511652836225395,0.8982261609263156
logdet,3,0,3.0,good,4.435637227656316,3.515163955915515,2.69396643077508,3.971617367876048,0.9175637363198751
norm_l1,3,0,3.0,good,4.793539436066473,3.7276994279282243,2.7555606990747346,3.251162634197171,0.898226158688735
proj_rand0,3,0,3.0,good,4.588136818252654,3.225168552683719,2.4603074242159395,2.9143664396475173,0.8322309294678569
proj_rand1,3,0,3.0,good,4.11509239275547,3.5030191680631657,2.4495173382954367,4.112408864291125,0.9833407999986331
proj_rand2,3,0,3.0,good,2.6824682377851943,2.544473353473007,2.915705413763125,4.090513460677783,0.9648747367631796
proj_rand3,3,0,3.0,good,6.371072226474524,4.868695612011359,2.1884943323816923,6.4935132819704915,0.8381074259951523
coord_active0,3,0,1.0,bad_by_construction,1.5522999187340762,1.2211726482746152,1.9918843489227624,0.6582077410829063,0.8644902427953722
proj_half_active,3,0,1.0,bad_by_construction,1.5523013075131307,1.2211889802086968,1.991884348890551,0.6582323091249167,0.8644902419794849
coord_inactive,3,0,,degenerate,17.456867933165285,13.195131619795477,14.908119703773854,13.534275995117108,1.4225503885688504
proj_inactive_only,3,0,,degenerate,17.36377072025836,13.0415847044098,14.906884202563312,13.344895218823288,1.4215389978474675
norm_fro,4,0,4.0,good,5.735919762955399,4.18576976309691,2.8287029981434832,4.954943199125951,0.9029667666841109
norm_fro_sq,4,0,4.0,good,5.73626639778339,4.1858239970468,2.82873606196588,4.954517877793348,0.902972592920354
trace,4,0,4.0,good,5.451514954434612,4.188440303854368,2.7418282456913694,4.671797569811379,0.9120954108296847
logdet,4,0,4.0,good,5.3104216185126285,4.139737497703119,2.675489382149443,4.204965611555412,0.9224472354698589
norm_l1,4,0,4.0,good,5.451522844599733,4.188444710150322,2.7418282628761115,4.671791462705381,0.9120954163971556
proj_rand0,4,0,4.0,good,4.552587330672029,3.3249998015065,2.4623349675824557,3.151824435788001,0.8323739283175281
proj_rand1,4,0,4.0,good,4.113129642713776,3.397751907728803,2.4486658883183026,3.5584063407242703,0.9833915713862712
proj_rand2,4,0,4.0,good,1.6174424280814583,1.4484650342197152,2.6410009639088177,2.0977890892730042,0.9693258248731689
proj_rand3,4,0,4.0,good,5.763138592292966,4.597695767746682,2.266443642285197,4.813574462736299,0.846306653872604
coord_active0,4,0,1.0,bad_by_construction,1.5523040286835976,1.2211801269058304,1.991879603417372,0.658226909458999,0.8644930133113232
proj_half_active,4,0,2.0,bad_by_construction,5.305832197898329,3.5471826494758547,2.28244770293062,2.5799343764424094,0.8917704631563431
coord_inactive,4,0,,degenerate,17.456867930548718,13.195131620053708,14.90811970377242,13.534275994431113,1.4225503885689634
proj_inactive_only,4,0,,degenerate,17.363770720520904,13.041584704396879,14.906884202560068,13.34489521839362,1.4215389978486708
norm_fro,5,0,5.0,good,6.2520668456916315,4.785487468236595,2.692956011657774,4.896070743199913,0.8765901493939471
norm_fro_sq,5,0,5.0,good,6.253023424388548,4.785582053641029,2.69299286745613,4.8971644358889534,0.8765992616814197
trace,5,0,5.0,good,5.976723937828649,4.62082572468199,2.643826036171285,4.718318420610476,0.879989448434592
logdet,5,0,5.0,good,6.041466431943054,4.646047856616057,2.6458498289276142,4.8032571414463465,0.8887009827489002
norm_l1,5,0,5.0,good,5.97670081615179,4.6208271277227055,2.6438261061844166,4.718327226902358,0.8799894493184748
proj_rand0,5,0,5.0,good,5.606231559133993,4.0834262362755664,2.243344149653146,4.480601682031238,0.8241136279809413
proj_rand1,5,0,5.0,good,4.986607290681575,3.9142015506867254,2.8168454441325625,4.376333269814882,0.9482123429263373
proj_rand2,5,0,5.0,good,6.111358571299913,4.774599245420008,2.985360550341233,4.751987253443887,0.9075815831193796
proj_rand3,5,0,5.0,good,5.819762721999892,4.471791928599827,2.160281355535821,4.8607283740890574,0.8318936046671265
coord_active0,5,0,1.0,bad_by_construction,1.5522983005006321,1.2211659398072832,1.9918832812474718,0.6581984529692552,0.864490867315648
proj_half_active,5,0,2.0,bad_by_construction,5.310991793399399,3.548154186815581,2.282583054567732,2.5799346979447426,0.8917984587271064
coord_inactive,5,0,,degenerate,17.4381341925229,13.203971214059806,14.908093600561855,13.525445996851637,1.423208237047718
proj_inactive_only,5,0,,degenerate,15.0,11.74456434157706,10.233748677105146,13.1708813593395,1.0007506240665576
norm_fro,6,0,6.0,good,6.01603080011518,4.636511361886694,2.7013648974159707,4.823388428116689,0.8883691904227141
norm_fro_sq,6,0,6.0,good,6.0137351304396,4.636596284819628,2.701408122839669,4.8234992601312285,0.8883777123238968
trace,6,0,6.0,good,5.900896892984197,4.479588103141856,2.6194378093688058,4.7040570929589824,0.90305171047061
logdet,6,0,6.0,good,6.101848645814267,4.618466429818058,2.4938851756119047,4.851974216871502,0.923003928430908
norm_l1,6,0,6.0,good,5.900886738049034,4.479587124172954,2.619437815461553,4.7040548522100645,0.9030517200326945
proj_rand0,6,0,6.0,good,5.580803818892301,4.279974787843083,2.6032462778846144,4.488394488739063,0.8824318036860496
proj_rand1,6,0,6.0,good,5.8597126477752965,4.4921959484004,2.3429752195441176,5.043635037461138,0.9552692654899768
proj_rand2,6,0,6.0,good,5.7238999455547575,4.09763730640322,2.7058647016564454,4.546998310039848,0.9257696502741193
proj_rand3,6,0,6.0,good,5.768801754252769,4.340877423243981,2.2053168069441553,4.732259352460848,0.8369688652286453
coord_active0,6,0,1.0,bad_by_construction,1.5523041346529953,1.2211848952176272,1.9918786351036855,0.6582394911422865,0.8644935798787227
proj_half_active,6,0,3.0,bad_by_construction,4.893790963373353,3.6614401644539427,2.2846507181949027,3.277320151691472,0.8914824861786615
coord_inactive,6,0,,degenerate,17.438134192216076,13.2039712144844,14.908093600559083,13.525445996440972,1.423208237048894
proj_inactive_only,6,0,,degenerate,15.0,11.972667238146188,10.233757976930509,13.170881360937333,1.0007513421292897
norm_fro,1,1,1.0,good,1.5523021557015027,1.2211840734145865,1.9927673985171632,0.6582308430040708,0.8647145431051968
norm_fro_sq,1,1,1.0,good,1.5522985994664515,1.2211766890835074,1.9928064938991084,0.6582131338786924,0.8647241084683351
trace,1,1,1.0,good,1.552300773650564,1.221168590536917,1.9918779937009947,0.6582017389396357,0.8644939532943455
logdet,1,1,1.0,good,1.5522989832466758,1.2211772685224975,1.992807588165159,0.6582057881895934,0.8647211655847273
norm_l1,1,1,1.0,good,1.5522997445740747,1.2211765365659113,1.9918779938698814,0.658201908139672,0.8644939523482673
proj_rand0,1,1,1.0,good,1.5523000332925598,1.2211797805008289,1.9918779939224887,0.6582204076479997,0.8644939536751663
proj_rand1,1,1,1.0,good,1.552302703816995,1.2211837940722845,1.9918779939227957,0.6582318315866367,0.86449395438918
proj_rand2,1,1,1.0,good,1.5523009150865983,1.2211820386478371,1.9918779939557192,0.6582232681968937,0.864493954152005
proj_rand3,1,1,1.0,good,1.5523035111252146,1.2211814734830313,1.9918779938672113,0.6582276696776013,0.8644939531332942
coord_active0,1,1,1.0,bad_by_construction,1.5523024881388319,1.221180710053271,1.9918779938557696,0.6582248303839646,0.8644939546998547
proj_half_active,1,1,1.0,bad_by_construction,1.5523017035474977,1.2211827354420055,1.9918779939849243,0.6582178746582882,0.864493954027555
coord_inactive,1,1,,degenerate,17.38254010818533,13.28336171288832,14.908478351600635,13.240348975650912,1.409448196027402
proj_inactive_only,1,1,,degenerate,15.0,12.266750558006358,10.233752807423096,13.247577118801436,1.0007509436705326
norm_fro,2,1,2.0,good,2.6922262600033893,2.2024093164793235,2.614038894740918,2.663512424403705,0.9484160101083005
norm_fro_sq,2,1,2.0,good,2.6922565819235484,2.2024245307886856,2.614103757322018,2.663496661806395,0.9484292718011851
trace,2,1,2.0,good,2.9723877334723916,2.282202059522523,2.56395925866089,2.8591191594964944,0.966607443683398
logdet,2,1,2.0,good,3.6657923492278464,2.516006056644295,2.454849706785014,3.1986919080279907,0.9835008088141733
norm_l1,2,1,2.0,good,2.9723880601031403,2.282202729178388,2.5639592515285012,2.85910481012246,0.9666074384827754
proj_rand0,2,1,2.0,good,4.103480769010709,3.5073589074946367,2.1616928131695308,4.766890185739723,1.0100167319618898
proj_rand1,2,1,2.0,good,2.46290937343357,2.270197915603652,2.013604605526476,2.9134265020696444,1.0216959343909957
proj_rand2,2,1,2.0,good,2.7011610111051794,2.2040044543083703,2.611247450398618,2.6827445133103813,0.9496692140464343
proj_rand3,2,1,2.0,good,3.8069114628381095,3.0870456850727597,2.3586247200752237,2.460316914053958,0.8996178537053511
coord_active0,2,1,1.0,bad_by_construction,1.5522967707534645,1.2211761172218476,1.991882489050109,0.6582180104457932,0.8644913284461166
proj_half_active,2,1,1.0,bad_by_construction,1.5522995483716568,1.2211744672864424,1.9918824889923492,0.6582048231358412,0.8644913288357418
coord_inactive,2,1,,degenerate,17.341898854348507,13.292846546957438,14.909160589286937,13.223178544170786,1.4100003552020395
proj_inactive_only,2,1,,degenerate,15.0,12.361748019609808,10.23375133797959,13.298708947717632,1.0007508287525244
norm_fro,3,1,3.0,good,4.480307673342252,3.5949247353243625,2.7654624868246342,3.53305565708448,0.9340232383258102
norm_fro_sq,3,1,3.0,good,4.480131271194022,3.5947714120386696,2.765526559658169,3.532838106675055,0.9340373279105099
trace,3,1,3.0,good,4.654046658957694,3.4212990697244394,2.933092471236797,2.2135048083671522,0.9351467577400567
logdet,3,1,3.0,good,4.436656913025362,3.3077776157325567,3.152349537071097,1.7890201792900093,0.9236432419781991
norm_l1,3,1,3.0,good,4.6540465555162704,3.4212964712439407,2.9330924692062252,2.2135041429174658,0.9351467609399962
proj_rand0,3,1,3.0,good,3.9760544618319686,3.2183511591312235,3.131315215990838,3.829349181979944,0.8651544883043246
proj_rand1,3,1,3.0,good,3.9611895814021816,3.0882430097276945,2.9623087507805934,3.629712159742308,0.9613191066999454
proj_rand2,3,1,3.0,good,4.45319290316835,3.591564653025664,2.7728509641578034,3.486293095723836,0.9345318500951464
proj_rand3,3,1,3.0,good,4.5319329194785585,3.532351286293336,2.464592717158469,4.9443351059162195,0.8818858232891978
coord_active0,3,1,1.0,bad_by_construction,1.5522992431782725,1.221178233890213,1.9918764781268536,0.6582252392587156,0.864494838389726
proj_half_active,3,1,1.0,bad_by_construction,1.5522983559743218,1.221176826926375,1.991876477936316,0.658202063482338,0.8644948386621593
coord_inactive,3,1,,degenerate,17.421747391059174,13.29241019550514,14.909746759433434,13.225880999850187,1.40883254024249
proj_inactive_only,3,1,,degenerate,15.0,12.21023956099889,10.23374962421476,13.300397540416647,1.0007506963872104
norm_fro,4,1,4.0,good,6.053715435462918,4.714361024658807,2.450666587386932,4.849615142996865,0.9558549502746803
norm_fro_sq,4,1,4.0,good,6.054313181614678,4.714268296356931,2.4507274761910254,4.849311408685841,0.9558693880000338
trace,4,1,4.0,good,5.955831068590564,4.514267913322379,2.632058755724005,5.330863485536408,0.9511190772718607
logdet,4,1,4.0,good,6.063755718963789,4.7186575259115875,2.938955322180095,4.813589826562086,0.9365858820480427
norm_l1,4,1,4.0,good,5.955828095235345,4.514268166507956,2.632058636584138,5.330860625370993,0.9511190853265974
proj_rand0,4,1,4.0,good,5.275997639272008,4.222213307190379,3.053952877377287,4.95099402398112,0.9146340037064951
proj_rand1,4,1,4.0,good,3.89167993619638,2.9565354555069066,2.8696199603322494,3.350578094447789,0.9632736431303268
proj_rand2,4,1,4.0,good,5.0346210506394575,3.8443329917284,2.769958087669,3.3727580421579066,0.934880008789147
proj_rand3,4,1,4.0,good,6.08718683832021,4.657163776021349,2.542674364640681,5.044635239366662,0.9169954969761774
coord_active0,4,1,1.0,bad_by_construction,1.5523019439506311,1.2211831555342951,1.991880804181813,0.6582216844959738,0.8644923127085087
proj_half_active,4,1,2.0,bad_by_construction,3.263485143534102,2.902872751564766,2.098581292318784,4.938075474566372,0.8742929035893527
coord_inactive,4,1,,degenerate,17.421747391059174,13.29241019550514,14.909746759433434,13.225880999850187,1.40883254024249
proj_inactive_only,4,1,,degenerate,15.0,12.260184249009596,10.233750877296467,13.300397540416647,1.0007507923814831
norm_fro,5,1,5.0,good,6.033430771054437,4.667355819538618,2.5113804087491474,4.849791380378875,0.9496950764397845
norm_fro_sq,5,1,5.0,good,6.033604317105216,4.666899318538433,2.5114369408696438,4.850476400253361,0.9497090505059568
trace,5,1,5.0,good,5.885811185324745,4.51826501693658,2.7658043227027944,4.754454436137183,0.933344626131549
logdet,5,1,5.0,good,5.879192823792919,4.5341428393446135,2.9493737109096996,4.736393685172157,0.9012622812748552
norm_l1,5,1,5.0,good,5.885810735864982,4.518267084140075,2.765804306130702,4.754453698105975,0.9333446179582168
proj_rand0,5,1,5.0,good,4.522159686314278,3.4648768539095687,3.0551334961303143,3.1229749969382534,0.9125071655270133
proj_rand1,5,1,5.0,good,4.7043820131079865,3.589287426542578,2.9526933991777784,3.021322325181267,0.9559432701071904
proj_rand2,5,1,5.0,good,5.123074744049865,3.917438572131251,2.8118272758440357,4.047784843331383,0.9108801887987218
proj_rand3,5,1,5.0,good,5.591009768571858,4.336680442964414,2.55631887420715,4.388643203079738,0.9135054855306238
coord_active0,5,1,1.0,bad_by_construction,1.5523037275777212,1.2211784496941518,1.9918824442821421,0.6582274300979587,0.8644913549290185
proj_half_active,5,1,2.0,bad_by_construction,3.2683754627812553,2.9070854191944204,2.098502486400416,4.939955411046808,0.8742684228081816
coord_inactive,5,1,,degenerate,17.375480747817864,13.300291741424912,14.910344271262316,13.23832947244069,1.4101491803510064
proj_inactive_only,5,1,,degenerate,15.0,12.117199921685222,10.23374884093984,13.285631175722013,1.0007506363673238
norm_fro,6,1,6.0,good,6.104329164486411,4.659493996729458,2.454650233144214,4.689246666974208,0.9511489576174783
norm_fro_sq,6,1,6.0,good,6.103793375206444,4.65925968367,2.4547066625413105,4.688429048946068,0.9511626750526855
trace,6,1,6.0,good,5.963399591875641,4.53456007716488,2.659283774776005,4.790474115727678,0.9374913886540535
logdet,6,1,6.0,good,6.103470572159613,4.678904954693589,2.867042214245093,4.859680906622946,0.9101337317765867
norm_l1,6,1,6.0,good,5.963402441951241,4.534560420705401,2.6592837542849463,4.790465533755408,0.9374913937029498
proj_rand0,6,1,6.0,good,5.1563758331264715,3.8673863149047754,2.5532760780391452,4.056140097056204,0.9358888952569653
proj_rand1,6,1,6.0,good,4.939124232703935,3.791871988755116,2.9477236781892424,3.737551889822628,0.9561735116209635
proj_rand2,6,1,6.0,good,5.586778109167741,4.2745245625556665,2.7129433072774747,4.6164333465438805,0.9195714835004776
proj_rand3,6,1,6.0,good,5.881188986216166,4.500578098318776,2.5499833057080763,4.589291607177401,0.9146315306561442
coord_active0,6,1,1.0,bad_by_construction,1.5522981777121314,1.2211768752352317,1.9918675776225658,0.658223528265604,0.8645000354752855
proj_half_active,6,1,3.0,bad_by_construction,3.8645660404887634,3.2666025497706457,2.1299150635532182,8.24186243875514,0.8700451233395035
coord_inactive,6,1,,degenerate,17.37548075010931,13.30029174126395,14.910344271262138,13.238329472104924,1.4101491803514015
proj_inactive_only,6,1,,degenerate,15.0,12.445039965215484,10.233789590199173,13.285631175528216,1.0007537569288938
norm_fro,1,2,1.0,good,1.5523012145987822,1.2211789695376607,1.9927765011207212,0.6582186152664451,0.8647192339336861
norm_fro_sq,1,2,1.0,good,1.5523019207230468,1.2211759169652685,1.9928083853951841,0.6582293426271374,0.8647271167096968
trace,1,2,1.0,good,1.5523042440361867,1.2211895017821341,1.9918758049540088,0.6582429125954581,0.8644952311261058
logdet,1,2,1.0,good,1.552299064966095,1.2211822838352824,1.9928094936507637,0.658226655008605,0.864722796949419
norm_l1,1,2,1.0,good,1.552297579149195,1.2211743614946802,1.9918758048897323,0.6582182516122891,0.8644952313763553
proj_rand0,1,2,1.0,good,1.5522998240389956,1.221176015529542,1.9918758049069853,0.6582123851532589,0.8644952313605793
proj_rand1,1,2,1.0,good,1.5523029125106016,1.2211857958921504,1.9918758048423573,0.6582156762080184,0.8644952318640835
proj_rand2,1,2,1.0,good,1.552300670435551,1.2211769526210832,1.991875804817527,0.6582097914082353,0.8644952312285161
proj_rand3,1,2,1.0,good,1.5523008729192111,1.2211864050508898,1.9918758050112462,0.6582393265373822,0.8644952305216208
coord_active0,1,2,1.0,bad_by_construction,1.5522998281416587,1.2211833448012772,1.9918758047927885,0.6582227816581919,0.8644952314900506
proj_half_active,1,2,1.0,bad_by_construction,1.5522991712082228,1.2211757126787324,1.9918758049308298,0.6582112004781834,0.8644952308650087
coord_inactive,1,2,,degenerate,17.35326943160957,13.05209509401787,14.890252127073616,13.323001610882303,1.4090493860584081
proj_inactive_only,1,2,,degenerate,15.0,12.01547229874632,10.233749848614021,13.343099441080708,1.0007507112904614
norm_fro,2,2,2.0,good,4.398848820298522,2.7481673731219005,2.438335251311108,2.4200727651491696,0.9088815596823531
norm_fro_sq,2,2,2.0,good,4.399174521000898,2.7480866866279903,2.438373621926054,2.4201998114978744,0.9088899366653435
trace,2,2,2.0,good,2.6960033312317218,2.2034720334689166,2.6114296343418486,2.679878379460792,0.9494278131923815
logdet,2,2,2.0,good,4.206558882864025,2.6940302171841184,2.413189183887239,3.3211376704602875,0.9883038372447303
norm_l1,2,2,2.0,good,2.696002823871723,2.2034715374612834,2.6114296374211783,2.679885823445203,0.9494278195992097
proj_rand0,2,2,2.0,good,4.5875958980223634,3.521484547827697,2.264587152171723,3.7378392063875054,1.001306327457885
proj_rand1,2,2,2.0,good,3.2888128756308395,2.3969894633724684,2.546541215537348,2.4138245884429947,0.9243808051741124
proj_rand2,2,2,2.0,good,3.393923965289422,2.430495796815236,2.4756963837862513,3.1170012701663703,0.9801358001847233
proj_rand3,2,2,2.0,good,1.5847429200855976,1.507158946209529,2.000515591335095,2.5413528675911494,1.0227023448509247
coord_active0,2,2,1.0,bad_by_construction,1.5523017983896878,1.22117827511687,1.9918788052497194,0.658212730362403,0.8644934788684923
proj_half_active,2,2,1.0,bad_by_construction,1.5522999169938854,1.2211863526489866,1.9918788054125638,0.6582232889635582,0.864493478863198
coord_inactive,2,2,,degenerate,17.375638322632252,13.048970283798294,14.889628409867138,13.32431149520659,1.4090418120431485
proj_inactive_only,2,2,,degenerate,15.0,12.126627507516565,10.233755898013376,13.339158839779042,1.000751166820481
norm_fro,3,2,3.0,good,4.131268680081162,3.0606639249277783,2.3575991675641372,3.2561477630230806,0.8133263927386992
norm_fro_sq,3,2,3.0,good,4.131322924182822,3.0605494140688836,2.3576579581414094,3.256450129761572,0.8133390407883744
trace,3,2,3.0,good,4.4368037803584235,3.088202067396049,2.9064628657545666,2.097927327675989,0.8653093151810681
logdet,3,2,3.0,good,4.280842195537092,3.2411226633935164,3.0180170135261943,1.823750264129247,0.9436287265859927
norm_l1,3,2,3.0,good,4.436805321106977,3.088203188190731,2.9064628676467215,2.0979241515680536,0.8653093105756079
proj_rand0,3,2,3.0,good,4.183296785925269,3.2219947372734805,2.5090574973932362,2.1743917582800503,0.9857624654848709
proj_rand1,3,2,3.0,good,4.3723816859369276,3.0399420604850604,2.569892809438854,2.575846353423608,0.8332678283199427
proj_rand2,3,2,3.0,good,4.267763788585253,3.1837957163839046,3.1984543276169477,1.7821375349646615,0.9023123473623101
proj_rand3,3,2,3.0,good,3.203461894956863,2.868383254288586,3.375028126229101,2.989176901567728,0.918094102659478
coord_active0,3,2,1.0,bad_by_construction,1.5522979539518784,1.2211762900055747,1.99188762889132,0.6582157885613741,0.8644883285966832
proj_half_active,3,2,1.0,bad_by_construction,1.5522995296309565,1.221169267219836,1.9918876290881804,0.6582085626280331,0.8644883273543778
coord_inactive,3,2,,degenerate,17.370802096113536,13.042782013686539,14.889449094579524,13.323903018427904,1.4083895452885085
proj_inactive_only,3,2,,degenerate,15.0,12.01053370879166,10.233764683925267,13.321973220128768,1.0007518568798612
norm_fro,4,2,4.0,good,5.2557303162691635,3.82736721851301,2.630682944806692,4.462589740892259,0.8377106326232836
norm_fro_sq,4,2,4.0,good,5.255955756498788,3.826770770598537,2.630739250829321,4.462019641373162,0.8377212259151329
trace,4,2,4.0,good,5.391343791336317,4.060283304508867,2.9910745784050983,4.644715443101041,0.8842455783444574
logdet,4,2,4.0,good,5.364164495606059,3.8794794168600815,2.894786159630527,3.9591932108679377,0.9482436829133192
norm_l1,4,2,4.0,good,5.391336997895454,4.060282883727521,2.9910745868615187,4.644717432362327,0.8842455799616923
proj_rand0,4,2,4.0,good,6.254578494382228,4.771423218070387,2.231940776118033,5.147477904906458,0.9831565291110158
proj_rand1,4,2,4.0,good,4.5396404395553445,3.5144459716910394,2.5905955484895946,4.0591637943658645,0.835339718802205
proj_rand2,4,2,4.0,good,4.469938162040792,3.3527905394547775,3.198758516716793,2.0366319541147586,0.902433145001056
proj_rand3,4,2,4.0,good,2.5821466086748583,2.218902708310419,3.2097419445303657,2.059792955622659,0.9279591898398729
coord_active0,4,2,1.0,bad_by_construction,1.5523008466453387,1.2211809919557886,1.9918840830341875,0.6582136788179719,0.8644903992692656
proj_half_active,4,2,2.0,bad_by_construction,4.151530068757353,2.5972687027797727,2.4863605323083684,2.4121791322885624,0.9148832532025472
coord_inactive,4,2,,degenerate,17.370802095542583,13.042782013485578,14.88944909457622,13.323903018288256,1.4083895452885935
proj_inactive_only,4,2,,degenerate,15.0,12.061230985094952,10.233781149111998,13.321973221695032,1.0007531250832216
norm_fro,5,2,5.0,good,5.973474244190651,4.615214723628282,2.550740069626167,5.03760711446318,0.8347768383559464
norm_fro_sq,5,2,5.0,good,5.973625447773867,4.615225203415934,2.5507965522986513,5.037226824102871,0.8347866137381138
trace,5,2,5.0,good,5.842387380099878,4.479346471235633,2.781622032030018,4.632790815332364,0.8672584567536126
logdet,5,2,5.0,good,5.561822329725289,4.236947080393567,2.964269190699816,4.2366856435646385,0.9033408691958572
norm_l1,5,2,5.0,good,5.842379531429302,4.479347360141097,2.7816220810023173,4.632780941115513,0.8672584594118604
proj_rand0,5,2,5.0,good,5.263646124493337,4.047910795363382,2.72080513094507,4.314318955026033,0.8850443001109509
proj_rand1,5,2,5.0,good,5.457507835926454,4.113130982054385,2.1772752856791655,4.128111189457469,0.8210961841387985
proj_rand2,5,2,5.0,good,5.205748913500978,3.9285952975759475,2.885856670040596,4.466163752644407,0.8738506636096917
proj_rand3,5,2,5.0,good,5.621540994033999,4.368379672078275,2.6662792677698377,4.450898177724495,0.8605930030656543
coord_active0,5,2,1.0,bad_by_construction,1.552299814969468,1.2211762346889985,1.9918662533902194,0.6582173401472416,0.864500806650135
proj_half_active,5,2,2.0,bad_by_construction,4.157514179359364,2.599397826526296,2.485992646274402,2.41261900452777,0.9148182824377019
coord_inactive,5,2,,degenerate,17.37522556069579,13.044925600563165,14.889922721845474,13.342314083304583,1.409356160347371
proj_inactive_only,5,2,,degenerate,15.0,11.764158272190764,10.233748611882861,13.326241602901522,1.00075061893376
norm_fro,6,2,6.0,good,5.57780623510028,4.222199417890413,2.764041912962246,4.319088380489768,0.8766066446601692
norm_fro_sq,6,2,6.0,good,5.578197754291478,4.221833104629103,2.7641050833421796,4.320065971027586,0.8766183810643251
trace,6,2,6.0,good,6.059790382112254,4.627718845345502,2.7943404244661543,4.939637778833023,0.8889987566877874
logdet,6,2,6.0,good,5.864408687641847,4.4809621513203215,2.8995024815656847,4.7173907502279455,0.9097228807401089
norm_l1,6,2,6.0,good,6.059778114592041,4.627723582735942,2.7943404426482314,4.9396349938358615,0.8889987532734779
proj_rand0,6,2,6.0,good,5.329880733122556,4.018333088287922,2.715185624236263,4.148358119411433,0.8905611949330547
proj_rand1,6,2,6.0,good,5.326962986788582,4.042276334945287,2.5764210568062573,4.236114323310129,0.8908468815886865
proj_rand2,6,2,6.0,good,5.606449336328463,4.286870734819732,2.8931126039723694,4.31942788411311,0.8781673912612858
proj_rand3,6,2,6.0,good,5.489158191988635,4.221305080884435,2.6842468534380406,4.5445590993873,0.8627502743407556
coord_active0,6,2,1.0,bad_by_construction,1.5523005312330715,1.2211799390057847,1.9918810601819947,0.6582262270708266,0.8644921639380421
proj_half_active,6,2,3.0,bad_by_construction,4.642538472596907,3.773012983104814,2.0216700240277214,3.1921527339414517,0.7756381567510643
coord_inactive,6,2,,degenerate,17.37522556069579,13.044925600563165,14.889922721845474,13.342314083304583,1.409356160347371
proj_inactive_only,6,2,,degenerate,15.0,11.972004750885903,10.23375430947115,13.326241603918298,1.000751057142857
