arm,observer,family,rho_MG,rho_rough,rho_PRdelay,rho_specPR,mae_specPR,rho_specPR256,slope,mae_raw,ident,seed_sd,degen
batch,acc_probe,function,0.39285714285714285,-0.14285714285714285,0.32142857142857145,0.4642857142857143,458.9870744617009,0.5357142857142857,0.6089941096370451,8.835784197001889,,0.2769732375940687,0.0
batch,c_norm,norm,-0.35714285714285715,-0.17857142857142858,-0.32142857142857145,-0.21428571428571427,313.9754899862623,-0.03571428571428571,-0.8972986801328972,8.520845835941362,,0.09311739534028957,0.0
batch,c_proj1,projection,-0.21428571428571427,-0.21428571428571427,0.14285714285714285,-0.32142857142857145,314.69037997586787,0.17857142857142858,-0.7604413535296085,8.53639661960749,1.5451805358907258,0.08639896674190936,0.0
batch,fn_fro,norm,0.07142857142857142,0.03571428571428571,0.4642857142857143,0.07142857142857142,313.62079889718405,-0.07142857142857142,0.17585006074841736,8.530770149423715,,0.08671444541041091,0.0
batch,fn_proj1,function,0.14285714285714285,-0.03571428571428571,0.6428571428571429,0.35714285714285715,315.84325839758367,0.7142857142857143,0.24113250741211167,8.567321487071357,,0.12276515964467224,0.0
batch,g_fro,gradient,0.14285714285714285,0.8928571428571429,0.32142857142857145,0.5,629.0119803264018,0.6785714285714286,0.5050708439818599,9.305847185506414,1.5861121647305272,0.06098065134668732,0.0
batch,g_proj,gradient,0.10714285714285714,-0.5714285714285714,-0.7857142857142857,-0.6428571428571429,317.1782939791461,-0.6785714285714286,-0.36905350519012836,8.550174742386064,,0.0825793513286445,0.0
batch,loss_full,loss,-0.07142857142857142,0.6071428571428571,0.21428571428571427,0.42857142857142855,621.335027480873,0.07142857142857142,-0.13104749897661147,8.503698893012595,,0.1292347110347274,0.0
batch,loss_probe,loss,-0.03571428571428571,-0.17857142857142858,-0.2857142857142857,-0.35714285714285715,382.66441864646885,0.0,0.15371021664743012,8.359250709055674,,0.11673403417618111,0.0
batch,loss_step,loss,-0.14285714285714285,0.25,0.17857142857142858,-0.14285714285714285,1994.1886498430333,-0.03571428571428571,0.021324119704987352,9.794164876133944,,0.04879089130328404,0.0
batch,margin,function,0.2857142857142857,0.42857142857142855,0.6785714285714286,0.6428571428571429,333.38037366502977,0.6785714285714286,1.0184545820830395,8.598096228839939,,0.1115599416934143,0.0
batch,w_fro,norm,-0.5,-0.17857142857142858,-0.32142857142857145,-0.21428571428571427,313.93418734091745,-0.03571428571428571,-0.9828903877258334,8.51471333989928,1.5546632106207336,0.09153476524175899,0.0
batch_proj,acc_probe,function,0.7857142857142857,-0.8928571428571429,-0.8928571428571429,-0.8214285714285714,648.9145594049008,-0.8928571428571429,1.8344605967881509,10.41400627510762,,0.799035860525861,0.09693877551020409
batch_proj,c_norm,norm,-0.25,-0.2857142857142857,0.10714285714285714,-0.25,322.8949764821088,0.14285714285714285,-0.018585238298075818,12.004787996795542,,0.14357251047943498,0.0
batch_proj,c_proj1,projection,0.32142857142857145,-0.35714285714285715,0.03571428571428571,-0.17857142857142858,320.7324143709294,-0.17857142857142858,0.011628105267435192,12.061602877274808,1.5322400548306314,0.11819114865454428,0.0
batch_proj,fn_fro,norm,0.21428571428571427,-0.21428571428571427,0.42857142857142855,0.21428571428571427,324.8626215558061,0.0,0.017657813654068648,11.995535530031798,,0.13895119014073595,0.0
batch_proj,fn_proj1,function,-0.75,-0.5357142857142857,-0.42857142857142855,-0.8928571428571429,321.0847991110666,-0.5714285714285714,-0.023380095904340124,11.991139462612344,,0.09264714976885802,0.0
batch_proj,g_fro,gradient,0.8571428571428571,-0.9642857142857143,-0.7857142857142857,-0.8214285714285714,670.8778454087109,-0.8571428571428571,0.14301456409860985,12.321838012105166,1.6016942865073505,0.15231521789191896,0.0
batch_proj,g_proj,gradient,0.2857142857142857,0.0,0.42857142857142855,0.25,322.5276829822611,0.39285714285714285,0.021128145020938262,12.03271523893549,,0.08797737241257444,0.0
batch_proj,loss_full,loss,1.0,0.21428571428571427,-0.35714285714285715,-0.5714285714285714,635.3796957195852,-0.32142857142857145,0.5504330020397974,10.235231231833875,,0.22224507187179673,0.0
batch_proj,loss_probe,loss,0.5,-0.42857142857142855,0.4642857142857143,0.10714285714285714,330.674310296939,0.21428571428571427,0.07317747487255044,11.950807479141803,,0.18096776039300475,0.0
batch_proj,loss_step,loss,1.0,0.21428571428571427,-0.35714285714285715,-0.5714285714285714,635.478261801987,-0.32142857142857145,0.5503331764925194,10.23534573924737,,0.2221535846556716,0.0
batch_proj,margin,function,-0.35714285714285715,-0.7857142857142857,0.21428571428571427,-0.25,322.5880205855696,-0.07142857142857142,-0.02298529992027588,12.00019060478248,,0.08416561468583454,0.0
batch_proj,w_fro,norm,-0.25,-0.2857142857142857,0.10714285714285714,-0.25,322.8928110141157,0.14285714285714285,-0.018515520310838113,12.004798660320546,1.5306868430922451,0.14359688436584858,0.0
gd,acc_probe,function,,-0.5357142857142857,-0.8571428571428571,-0.5714285714285714,1.7769697475639055,-0.5,,,,,1.0
gd,c_norm,norm,0.03571428571428571,-0.8571428571428571,-0.6071428571428571,-0.7857142857142857,1.4912290244948332,-0.7857142857142857,2.080975694054938,15.056422413926386,,0.22684668829829502,0.0
gd,c_proj1,projection,0.07142857142857142,-0.39285714285714285,-0.14285714285714285,0.0,1.485785933087349,0.0,4.871277226316898,15.026466816856866,1.8500428733367498,0.25929871368768326,0.0
gd,fn_fro,norm,-0.32142857142857145,-0.75,-0.39285714285714285,-0.6071428571428571,1.500152420881417,-0.6071428571428571,-3.337207802041321,15.125046989920735,,0.21637915340641425,0.0
gd,fn_proj1,function,-0.4642857142857143,-0.6428571428571429,-0.42857142857142855,-0.6785714285714286,1.5256524373342366,-0.6785714285714286,-9.264565118055437,14.88979823991124,,0.26525982222465083,0.0
gd,g_fro,gradient,-0.6785714285714286,-0.7142857142857143,-0.35714285714285715,-0.6428571428571429,1.5496195209432746,-0.6071428571428571,-11.92683818310116,14.905723343698781,1.799872697063745,0.1382828268137876,0.0
gd,g_proj,gradient,-0.6428571428571429,-0.8571428571428571,0.5714285714285714,-0.7142857142857143,1.5565711360500711,-0.6785714285714286,-16.027396344892324,15.340440457162275,,0.37653108151865833,0.0
gd,loss_full,loss,-0.17857142857142858,-0.8214285714285714,-0.5357142857142857,-0.8571428571428571,1.681303478331028,-0.7142857142857143,0.031172535806220935,15.436617030721008,,0.19254288401270575,0.0
gd,loss_probe,loss,0.5714285714285714,-0.42857142857142855,-0.7142857142857143,0.32142857142857145,1.5556488692827675,0.32142857142857145,12.398344372940572,15.129597367967003,,0.31593638794824647,0.0
gd,loss_step,loss,-0.17857142857142858,-0.8214285714285714,-0.5357142857142857,-0.8571428571428571,1.681320041841832,-0.7142857142857143,0.03676370201167082,15.436573883073782,,0.1925515870105205,0.0
gd,margin,function,-0.35714285714285715,0.07142857142857142,-0.2857142857142857,-0.2857142857142857,1.5094378781237432,-0.2857142857142857,0.708828513201297,15.055779879648659,,0.2682644554169005,0.0
gd,w_fro,norm,0.03571428571428571,-0.8571428571428571,-0.6071428571428571,-0.7857142857142857,1.4912145000329922,-0.7857142857142857,2.061560943200862,15.056415452290512,1.8905305212109726,0.2119063422624462,0.0
mixed,acc_probe,function,0.3,-0.2857142857142857,0.9285714285714286,1.0,42.19770875300346,1.0,0.0860326545280221,3.8533467148295153,,4.391449361791471,0.38775510204081626
mixed,c_norm,norm,0.8928571428571429,-0.42857142857142855,1.0,0.9642857142857143,30.8650137737371,1.0,0.7814745916156925,8.719401569384692,,0.7714615968536572,0.0
mixed,c_proj1,projection,1.0,-0.03571428571428571,1.0,1.0,20.729211917975327,1.0,0.6251915938485545,8.575050249422128,1.4197748724073351,0.9690358179326641,0.0
mixed,fn_fro,norm,0.9642857142857143,-0.32142857142857145,1.0,0.9642857142857143,25.82573748254874,1.0,0.7333421948489331,8.770658176620545,,0.88773043353832,0.0
mixed,fn_proj1,function,0.9642857142857143,-0.35714285714285715,1.0,0.9642857142857143,19.81285684833984,1.0,0.6484802377928612,8.800446225753545,,0.6544546257738348,0.0
mixed,g_fro,gradient,1.0,-0.9642857142857143,1.0,1.0,263.2823137420572,1.0,0.6752839380017351,10.395001663728582,1.471339965911496,0.37796897784809524,0.0
mixed,g_proj,gradient,1.0,0.07142857142857142,0.9642857142857143,0.9642857142857143,18.856041983542916,1.0,0.6502257586218423,8.759073105742376,,0.7437081268390834,0.0
mixed,loss_full,loss,1.0,-0.9642857142857143,1.0,1.0,260.62753640496163,1.0,0.6980826406002363,9.538529085102569,,0.29441365785826235,0.0
mixed,loss_probe,loss,1.0,-0.6428571428571429,1.0,0.9642857142857143,18.583728470226614,1.0,0.7062237103079281,8.744152981043625,,0.9745128917722964,0.0
mixed,loss_step,loss,0.8571428571428571,0.17857142857142858,0.9285714285714286,0.75,1.6592909735797474,0.9642857142857143,0.5756808294064636,0.7962274685440021,,0.8806858067156103,0.0
mixed,margin,function,0.9642857142857143,-0.2857142857142857,1.0,0.9642857142857143,17.273135186507393,1.0,0.6611285680092827,8.816108729975769,,0.9523485124814891,0.0
mixed,w_fro,norm,0.8928571428571429,-0.42857142857142855,1.0,0.9642857142857143,30.864948127642574,1.0,0.7814885417553046,8.719545473454579,1.361707177654449,0.771215125209947,0.0
noise,acc_probe,function,0.8928571428571429,0.07142857142857142,0.14285714285714285,0.14285714285714285,622.0942088239693,0.14285714285714285,0.907409927923551,9.802525532249515,,0.9065955688469824,0.04591836734693877
noise,c_norm,norm,0.5357142857142857,0.07142857142857142,-0.10714285714285714,-0.07142857142857142,317.71371439487103,0.5357142857142857,0.010829898518163378,10.984071681416102,,0.0979996745125351,0.0
noise,c_proj1,projection,0.03571428571428571,0.5714285714285714,-0.25,-0.2857142857142857,321.2523145191939,0.21428571428571427,0.0037029678176313534,10.954910643557794,1.5514936775541446,0.07293669049346994,0.0
noise,fn_fro,norm,-0.10714285714285714,0.07142857142857142,0.14285714285714285,-0.14285714285714285,318.60369290221263,0.10714285714285714,-0.0021530548460566754,10.974612608672112,,0.06810643548556057,0.0
noise,fn_proj1,function,-0.14285714285714285,-0.39285714285714285,-0.6428571428571429,-0.14285714285714285,327.9406002392239,-0.10714285714285714,-0.0004793125082289647,10.996513717604339,,0.0882668711913322,0.0
noise,g_fro,gradient,0.8571428571428571,-0.9642857142857143,-0.7142857142857143,-1.0,656.5774256706491,-0.9285714285714286,0.10644477765254695,11.502734489506029,1.6001382654701266,0.13144504248155603,0.0
noise,g_proj,gradient,-0.10714285714285714,0.39285714285714285,-0.5714285714285714,-0.5357142857142857,323.823418616949,-0.2857142857142857,-0.0024748961206553562,11.00138188077439,,0.11687215997785176,0.0
noise,loss_full,loss,1.0,-0.32142857142857145,-0.4642857142857143,-0.9642857142857143,631.4276923844737,-0.07142857142857142,0.4407627601123511,9.915546703490916,,0.10784529940610336,0.0
noise,loss_probe,loss,0.8571428571428571,-0.2857142857142857,-0.39285714285714285,-0.32142857142857145,327.04499099996235,-0.35714285714285715,0.021149235707680406,10.941647932478535,,0.12553707054593896,0.0
noise,loss_step,loss,1.0,-0.25,-0.4642857142857143,-0.9642857142857143,631.2077281087426,-0.07142857142857142,0.4407345578455103,9.915260555408144,,0.10805992783685651,0.0
noise,margin,function,-0.21428571428571427,0.17857142857142858,-0.5357142857142857,-0.2857142857142857,322.829144103852,-0.14285714285714285,-0.006330029416106458,10.980598157755505,,0.09530687688639357,0.0
noise,w_fro,norm,0.5357142857142857,0.07142857142857142,-0.10714285714285714,-0.07142857142857142,317.7169536445582,0.5357142857142857,0.010814648901203688,10.983941827057551,1.539068974446308,0.09773723498135449,0.0
noise_nopre,acc_probe,function,0.35714285714285715,-0.75,-0.32142857142857145,-0.42857142857142855,17.939863961473833,0.0,0.4654353416374945,8.751085343181657,,0.4598753752950384,0.12244897959183673
noise_nopre,c_norm,norm,0.5357142857142857,0.35714285714285715,0.42857142857142855,-0.14285714285714285,4.944863586622891,0.6785714285714286,0.027776425250018767,6.912660459060823,,0.21913758365201838,0.0
noise_nopre,c_proj1,projection,-0.39285714285714285,0.07142857142857142,0.0,0.03571428571428571,9.10686607134298,-0.03571428571428571,-0.019734969253985882,7.137130291697555,,0.1978951100170726,0.0
noise_nopre,fn_fro,norm,0.39285714285714285,0.42857142857142855,0.5,0.17857142857142858,5.558490538523883,0.7857142857142857,0.03918579231270387,6.965739907804503,,0.21602206433369278,0.0
noise_nopre,fn_proj1,function,0.03571428571428571,0.17857142857142858,0.17857142857142858,0.10714285714285714,6.312078255761405,0.4642857142857143,0.010176079782997201,7.06029636782482,,0.27379185923006466,0.0
noise_nopre,g_fro,gradient,-0.6071428571428571,-0.9642857142857143,-0.5357142857142857,-0.32142857142857145,23.861821129768025,-0.35714285714285715,-0.03491274346104385,7.828199156059552,,0.09610607120224822,0.0
noise_nopre,g_proj,gradient,-0.10714285714285714,-0.2857142857142857,-0.42857142857142855,-0.6071428571428571,10.21596589458584,-0.21428571428571427,-0.012878248608786308,7.210402704282532,,0.06966807005376395,0.0
noise_nopre,loss_full,loss,0.5357142857142857,-0.75,-0.6785714285714286,-0.5,18.756190356048528,-0.4642857142857143,0.06698149949364482,7.351058524900801,,0.12549088916261322,0.0
noise_nopre,loss_probe,loss,-0.35714285714285715,-0.42857142857142855,-0.42857142857142855,-0.39285714285714285,9.876313101418026,-0.42857142857142855,-0.006136767948678897,7.2542367854529335,,0.12201379671139281,0.0
noise_nopre,loss_step,loss,0.5357142857142857,-0.75,-0.6785714285714286,-0.5,18.755881279573323,-0.4642857142857143,0.06664555892190044,7.350667040958156,,0.12468835058283859,0.0
noise_nopre,margin,function,0.35714285714285715,0.75,0.9285714285714286,0.8571428571428571,7.049336218108783,0.9285714285714286,0.07949472473170495,6.985368029885314,,0.1606286612323873,0.0
noise_nopre,w_fro,norm,0.5357142857142857,0.35714285714285715,0.42857142857142855,-0.14285714285714285,4.944768292251008,0.6785714285714286,0.027703864656393896,6.912341863960548,,0.2188130771187862,0.0
qp,acc_probe,function,-0.4,-0.03571428571428571,0.7142857142857143,0.8571428571428571,2.720137934245333,0.8214285714285714,-0.41167771369011175,2.0127950105937726,,4.099407784384153,0.8469387755102041
qp,c_norm,norm,1.0,-0.07142857142857142,0.9642857142857143,0.9642857142857143,0.8096229189476342,1.0,1.0849581157079846,0.3987209415266056,,0.4997033257158943,0.0
qp,c_proj1,projection,1.0,0.5,0.9642857142857143,0.9285714285714286,0.9074546984025655,0.9642857142857143,0.8548782372503009,0.2776520498543079,0.9825573659112155,0.5325933943011678,0.0
qp,fn_fro,norm,1.0,0.25,0.9642857142857143,0.9642857142857143,0.4209403370636613,1.0,0.9941568000847643,0.3229346665132968,,0.7734370634617357,0.0
qp,fn_proj1,function,1.0,-0.17857142857142858,1.0,0.9642857142857143,1.2528293391089396,1.0,0.7854804865162461,0.4173357412191576,,0.6107270260699149,0.0
qp,g_fro,gradient,1.0,-0.8571428571428571,1.0,0.9642857142857143,8.098929930949238,1.0,1.6764811572284986,1.8678478866998183,1.0684137120271133,0.7757018254847864,0.0
qp,g_proj,gradient,1.0,0.21428571428571427,0.9642857142857143,0.75,1.2463425922062452,0.9642857142857143,0.7315927750165011,0.5512652321518053,,0.770124916034042,0.0
qp,loss_full,loss,1.0,-0.8571428571428571,0.9642857142857143,0.8571428571428571,6.163302227885085,0.8928571428571429,1.6410240086480647,1.9713076740059565,,0.7066828198523162,0.0
qp,loss_probe,loss,1.0,-0.4642857142857143,0.9642857142857143,0.75,1.5119748846073804,1.0,0.8277679722671464,0.44944734427691263,,0.44014818609816203,0.0
qp,loss_step,loss,0.9642857142857143,0.17857142857142858,0.9285714285714286,0.75,1.6612742796984286,0.9642857142857143,0.8102227502589815,0.45070195673352614,,0.581189143520535,0.0
qp,margin,function,1.0,-0.32142857142857145,0.9642857142857143,0.9285714285714286,1.3149382529182123,1.0,0.8579562965605841,0.2887838386868247,,0.838200107595335,0.0
qp,w_fro,norm,1.0,-0.07142857142857142,0.9642857142857143,0.9642857142857143,0.809617617318331,1.0,1.084962488824963,0.3987321016497936,0.9819026534867117,0.49966620739304696,0.0
qp_nopre,acc_probe,function,,,,,24.566757639589078,,,,,,1.0
qp_nopre,c_norm,norm,1.0,-0.35714285714285715,1.0,0.9642857142857143,1.601616254407465,0.9642857142857143,1.0973527861250694,0.46359862458628737,,0.2938349429387188,0.0
qp_nopre,c_proj1,projection,0.9642857142857143,0.6785714285714286,0.9642857142857143,0.7857142857142857,1.1544225051858434,1.0,0.8138832102696141,0.6202973410927084,,0.6399210550740205,0.0
qp_nopre,fn_fro,norm,1.0,-0.42857142857142855,1.0,0.8571428571428571,0.9211186418024199,0.9642857142857143,1.0097302534926236,0.5355008289313231,,0.6399211020466197,0.0
qp_nopre,fn_proj1,function,0.9642857142857143,-0.14285714285714285,0.9642857142857143,0.9642857142857143,0.7778561871909411,0.9642857142857143,0.930849604915765,0.5018746618420055,,0.6399210583087849,0.0
qp_nopre,g_fro,gradient,0.9642857142857143,-0.21428571428571427,0.9285714285714286,0.8571428571428571,1.7494919230449397,0.8571428571428571,1.1821257853405212,0.647954126264524,,0.6399208779189577,0.0
qp_nopre,g_proj,gradient,0.9642857142857143,0.32142857142857145,1.0,0.9285714285714286,1.3542785057923876,1.0,1.0445402203010963,0.4200823705864854,,0.5570415334497416,0.0
qp_nopre,loss_full,loss,1.0,-0.35714285714285715,0.8571428571428571,0.7857142857142857,1.8584235440699703,0.75,1.1640521844049359,0.6550700527666191,,0.412936992750032,0.0
qp_nopre,loss_probe,loss,0.9642857142857143,-0.35714285714285715,1.0,0.8571428571428571,0.7895650917019112,0.9642857142857143,0.8963924241930024,0.530905269770009,,0.6399210635686278,0.0
qp_nopre,loss_step,loss,0.9642857142857143,0.03571428571428571,0.9642857142857143,0.8571428571428571,0.8614188705182242,0.9642857142857143,1.0053888063631653,0.5131067827384345,,0.5385758222603109,0.0
qp_nopre,margin,function,0.9642857142857143,-0.42857142857142855,0.8928571428571429,0.9642857142857143,0.7975957232835187,0.9642857142857143,0.9591660668541806,0.6769024281730827,,0.5409266561869189,0.0
qp_nopre,w_fro,norm,1.0,-0.35714285714285715,1.0,0.9642857142857143,1.6016162275614438,0.9642857142857143,1.0973526940214093,0.46359847853416697,,0.29383551151198345,0.0
qp_slow,acc_probe,function,,-0.07142857142857142,-0.03571428571428571,0.9642857142857143,2.8988752372658517,0.39285714285714285,,0.18878892035296913,,0.5092059319721285,0.923469387755102
qp_slow,c_norm,norm,1.0,-0.07142857142857142,-0.07142857142857142,1.0,0.4044208445483303,0.2857142857142857,0.2919847496948538,1.4237808328954806,,0.14003215841784794,0.0
qp_slow,c_proj1,projection,0.7857142857142857,0.7142857142857143,0.7142857142857143,0.8928571428571429,1.028302126656635,0.8214285714285714,0.24844370564594126,1.5065196483817,1.224999370741894,0.1611722751915391,0.0
qp_slow,fn_fro,norm,0.8928571428571429,0.25,0.03571428571428571,1.0,0.3112274711739665,0.35714285714285715,0.27772943891918794,1.4694401133345305,,0.21309783494197126,0.0
qp_slow,fn_proj1,function,0.9285714285714286,-0.17857142857142858,-0.17857142857142858,0.8928571428571429,1.2241463476371786,0.5714285714285714,0.2642434957723114,1.5273918457335962,,0.24350971280566658,0.0
qp_slow,g_fro,gradient,0.8928571428571429,-0.9285714285714286,0.21428571428571427,0.9642857142857143,6.100804973334168,0.8571428571428571,0.39197562221971016,1.1749523968936972,1.3016522188569972,0.11766003746795169,0.0
qp_slow,g_proj,gradient,0.9642857142857143,0.21428571428571427,0.14285714285714285,0.9285714285714286,0.9657571243980415,0.9285714285714286,0.2930646452783298,1.5154339592764292,,0.1949638926296888,0.0
qp_slow,loss_full,loss,0.9642857142857143,-0.9285714285714286,0.10714285714285714,1.0,5.152592671732546,0.9642857142857143,0.3817470551352121,1.2148243416879454,,0.09788060474896698,0.0
qp_slow,loss_probe,loss,0.8928571428571429,-0.7142857142857143,-0.6428571428571429,0.9285714285714286,1.5129188936918674,0.8928571428571429,0.25991335370793317,1.4967835025118725,,0.18098095973255424,0.0
qp_slow,loss_step,loss,0.9642857142857143,0.14285714285714285,0.14285714285714285,0.7857142857142857,1.7194339045321325,0.75,0.25306118656333454,1.5953794365712517,,0.22643353926040982,0.0
qp_slow,margin,function,0.8928571428571429,-0.42857142857142855,-0.2857142857142857,0.9642857142857143,1.1017482857671825,0.5714285714285714,0.26747654509167684,1.4828943888332233,,0.22624525323485659,0.0
qp_slow,w_fro,norm,1.0,-0.07142857142857142,-0.07142857142857142,1.0,0.404353387918003,0.2857142857142857,0.2919919871231083,1.42374981197125,1.1932518246834776,0.13998564282695514,0.0
